model,year,ap,auc,brier,logloss,precision_at_10,recall_at_10,risk_rate,n
D0_history_macro,2016,0.3875902956012431,0.7689962179793606,0.1018952950835228,0.34036338329315186,0.4230769230769231,0.3113207547169811,0.1364221364221364,1554
D0_history_macro,2017,0.39660974698567447,0.8126739783323864,0.07366630434989929,0.26296281814575195,0.42857142857142855,0.4370860927152318,0.09817945383615084,1538
D0_history_macro,2018,0.4522119897981121,0.7837179021317829,0.1179097443819046,0.37953415513038635,0.5454545454545454,0.32558139534883723,0.16775032509752927,1538
D1_concentration,2016,0.4018587700692407,0.7735954503275876,0.10057481378316879,0.3374532163143158,0.4423076923076923,0.32547169811320753,0.1364221364221364,1554
D1_concentration,2017,0.3896413502605165,0.830135076419162,0.07371973246335983,0.2601594030857086,0.43506493506493504,0.44370860927152317,0.09817945383615084,1538
D1_concentration,2018,0.4835172451369967,0.8094870397286822,0.11379086226224899,0.3638703227043152,0.5454545454545454,0.32558139534883723,0.16775032509752927,1538
D2_market_changes,2016,0.39585611161132,0.7706640328431236,0.10122130811214447,0.3405613899230957,0.4551282051282051,0.33490566037735847,0.1364221364221364,1554
D2_market_changes,2017,0.4218224245243102,0.8437382124457474,0.07189281284809113,0.2541193664073944,0.44155844155844154,0.4503311258278146,0.09817945383615084,1538
D2_market_changes,2018,0.46975524353897274,0.8113765746124031,0.11428376287221909,0.36415448784828186,0.5454545454545454,0.32558139534883723,0.16775032509752927,1538
D3_market_volatility,2016,0.39604818803031117,0.7760804769001489,0.10059469938278198,0.3379489481449127,0.44871794871794873,0.330188679245283,0.1364221364221364,1554
D3_market_volatility,2017,0.42043842393076003,0.8481357162297015,0.07152283191680908,0.252352237701416,0.43506493506493504,0.44370860927152317,0.09817945383615084,1538
D3_market_volatility,2018,0.4836271932522885,0.812736191860465,0.11373228579759598,0.3636155426502228,0.5324675324675324,0.3178294573643411,0.16775032509752927,1538
B2_XGBoost,2016,0.4236894780415791,0.7774266794139977,0.0994488503445405,0.3368324863233696,0.4871794871794871,0.3584905660377358,0.1364221364221364,1554
B2_XGBoost,2017,0.3998479271360737,0.8378462258340216,0.0742413804421886,0.2653404531552687,0.435064935064935,0.4437086092715231,0.0981794538361508,1538
B2_XGBoost,2018,0.4418826720727764,0.7877452761627907,0.1169835072779427,0.3779584955681062,0.5,0.2984496124031007,0.1677503250975292,1538
B3_XGBoost_relations,2016,0.4240664134957133,0.7869871776846723,0.0987726896851681,0.3349095510284208,0.4935897435897436,0.3632075471698113,0.1364221364221364,1554
B3_XGBoost_relations,2017,0.4016984513249435,0.8342842955160741,0.0759830963476045,0.2744312338543587,0.435064935064935,0.4437086092715231,0.0981794538361508,1538
B3_XGBoost_relations,2018,0.4395589516410775,0.7795996850775193,0.1176911568754968,0.3828990690263288,0.5,0.2984496124031007,0.1677503250975292,1538
