year,source_crc,source_bytes,script_sha256,rows,value_kusd,q_missing,q_zero,q_negative,self_trade,exporters,importers,hs84_85_hs4_rows,hs84_85_value_kusd,duplicate_keys,crc_checked,seconds
1995,101529526,160257663,ebc0643212960baa402ee9260431cbfd9047283c06e81ed7fa33907af74706ec,4981382,5071331093.306,401012,0,0,0,213,213,386531,1407845555.8040001,0,True,20.96
1996,370860134,172786703,ebc0643212960baa402ee9260431cbfd9047283c06e81ed7fa33907af74706ec,5337010,5367317691.311,367641,0,0,0,213,214,415165,1490797436.259,0,True,18.61
1997,2087986332,181561651,ebc0643212960baa402ee9260431cbfd9047283c06e81ed7fa33907af74706ec,5616781,5600778992.475999,357983,0,0,0,213,213,436090,1584144823.835,0,True,12.6
1998,341745529,188727733,ebc0643212960baa402ee9260431cbfd9047283c06e81ed7fa33907af74706ec,5847753,5555739685.298001,369965,0,0,0,213,214,459467,1608822326.051,0,True,14.35
1999,2495530179,194190170,ebc0643212960baa402ee9260431cbfd9047283c06e81ed7fa33907af74706ec,5994574,5757650356.761,357668,0,0,0,214,214,471513,1709320158.468,0,True,26.7
2000,2079981796,235369973,ebc0643212960baa402ee9260431cbfd9047283c06e81ed7fa33907af74706ec,7272709,6518394510.321,77932,0,0,0,223,222,554124,1977143804.835,0,True,40.61
2001,4159205138,243157306,ebc0643212960baa402ee9260431cbfd9047283c06e81ed7fa33907af74706ec,7517476,6325818358.318,106174,0,0,0,223,222,574324,1840486997.5640001,0,True,42.59
2002,3891508126,250081595,ebc0643212960baa402ee9260431cbfd9047283c06e81ed7fa33907af74706ec,7726247,6630943031.429001,87691,0,0,0,223,222,592130,1885220467.458,0,True,41.14
2003,4192172320,258436300,ebc0643212960baa402ee9260431cbfd9047283c06e81ed7fa33907af74706ec,7981414,7665256854.129,95871,0,0,0,222,222,611404,2138362584.8439999,0,True,26.69
2004,2799927530,271058831,ebc0643212960baa402ee9260431cbfd9047283c06e81ed7fa33907af74706ec,8359779,9248409810.689001,91308,0,0,0,222,222,638936,2564153781.8069997,0,True,27.71
2005,2130909212,280977055,ebc0643212960baa402ee9260431cbfd9047283c06e81ed7fa33907af74706ec,8656742,10499333564.329,93156,0,0,0,222,222,662759,2830917851.6870003,0,True,28.69
2006,3235379784,292659128,ebc0643212960baa402ee9260431cbfd9047283c06e81ed7fa33907af74706ec,9002200,12087679114.209,94373,0,0,0,223,223,691351,3215441153.388,0,True,30.21
2007,3344922371,299210276,ebc0643212960baa402ee9260431cbfd9047283c06e81ed7fa33907af74706ec,9194704,13965754807.151001,146051,0,0,0,223,223,715127,3697281525.4,0,True,28.24
2008,1444223907,304944540,ebc0643212960baa402ee9260431cbfd9047283c06e81ed7fa33907af74706ec,9347080,16132026222.673004,156573,0,0,0,223,223,728761,3975382424.9230003,0,True,30.16
2009,3998671872,299979225,ebc0643212960baa402ee9260431cbfd9047283c06e81ed7fa33907af74706ec,9218581,12449367332.999,167622,0,0,0,223,223,727656,3196887219.326,0,True,35.34
2010,3166238395,308324815,ebc0643212960baa402ee9260431cbfd9047283c06e81ed7fa33907af74706ec,9470765,15032172848.533998,186796,0,0,0,223,223,743500,3849415067.043,0,True,31.41
2011,3303743230,314243232,ebc0643212960baa402ee9260431cbfd9047283c06e81ed7fa33907af74706ec,9640712,17923315413.825996,177410,0,0,0,225,225,754429,4275963407.201,0,True,32.09
2012,2367838861,323636061,ebc0643212960baa402ee9260431cbfd9047283c06e81ed7fa33907af74706ec,9937050,18018888803.164,251423,0,0,0,226,226,774513,4230701296.7599998,0,True,33.32
2013,1828273793,329313735,ebc0643212960baa402ee9260431cbfd9047283c06e81ed7fa33907af74706ec,10098942,18207568026.154003,194842,0,0,0,227,227,785859,4272845735.444,0,True,35.88
2014,3401406241,330955776,ebc0643212960baa402ee9260431cbfd9047283c06e81ed7fa33907af74706ec,10145672,18350477732.722004,201820,0,0,0,226,226,786810,4385714311.979,0,True,34.99
2015,1076951726,341652834,ebc0643212960baa402ee9260431cbfd9047283c06e81ed7fa33907af74706ec,10499686,16050404527.567001,280396,0,0,0,226,226,807443,4155584001.601,0,True,34.86
2016,3158693166,343910135,ebc0643212960baa402ee9260431cbfd9047283c06e81ed7fa33907af74706ec,10569571,15687223850.143997,254527,0,0,0,226,226,815789,4140797368.968,0,True,34.75
2017,161562265,352267152,ebc0643212960baa402ee9260431cbfd9047283c06e81ed7fa33907af74706ec,10821738,17623778912.443005,246747,0,0,0,226,226,833323,4786371921.149,0,True,36.2
2018,413720110,355783100,ebc0643212960baa402ee9260431cbfd9047283c06e81ed7fa33907af74706ec,10924964,19114519013.485,257770,0,0,0,226,226,839384,5010579884.638,0,True,37.11
2019,1803720794,358594558,ebc0643212960baa402ee9260431cbfd9047283c06e81ed7fa33907af74706ec,11016660,18565427886.91,265816,0,0,0,226,226,843047,4901941595.887,0,True,36.94
2020,1128928538,346158094,ebc0643212960baa402ee9260431cbfd9047283c06e81ed7fa33907af74706ec,10638241,17175924852.334002,271369,0,0,0,226,226,810119,4813416963.187,0,True,35.94
2021,164346218,362807915,ebc0643212960baa402ee9260431cbfd9047283c06e81ed7fa33907af74706ec,11146476,21436236860.779003,297160,0,0,0,226,226,838162,5669630431.892,0,True,40.9
2022,3289779974,363099803,ebc0643212960baa402ee9260431cbfd9047283c06e81ed7fa33907af74706ec,11154874,24145991347.413994,328375,0,0,0,226,226,831582,6057095633.362,0,True,37.17
2023,1560719663,363875725,ebc0643212960baa402ee9260431cbfd9047283c06e81ed7fa33907af74706ec,11194668,22958882317.274002,391891,0,0,0,226,226,835636,5975131702.351999,0,True,37.28
2024,1490737714,344331363,ebc0643212960baa402ee9260431cbfd9047283c06e81ed7fa33907af74706ec,10580049,22833026180.540997,339564,0,0,0,226,226,785405,6239257338.948,0,True,34.84
