year,phase,n,risk_rate,base_mean_probability,ap,auc,brier,logloss,precision_at_10,recall_at_10
2010,OOF_training,1576,0.08375634517766498,0.14965490105108067,0.31003934636633634,0.7869239486275497,0.07273332922356053,0.2646802360174559,0.33544303797468356,0.4015151515151515
2011,OOF_training,1580,0.17974683544303796,0.1671659076527421,0.3780345060928642,0.7006009824378369,0.13347597687738258,0.42981456735455803,0.45569620253164556,0.2535211267605634
2012,OOF_training,1571,0.14958625079567156,0.1679906878029936,0.3302837055754838,0.7307746209708244,0.11539489402992664,0.3800084040133543,0.4240506329113924,0.2851063829787234
2013,OOF_training,1553,0.1390856406954282,0.1377038544329352,0.46821073786127954,0.8391368181944098,0.09468056995345844,0.3113974793992847,0.5128205128205128,0.37037037037037035
2014,OOF_training,1548,0.21511627906976744,0.13354169279734002,0.4745949916172143,0.7515441367293219,0.15169902001458432,0.47785629708390903,0.5612903225806452,0.26126126126126126
2015,OOF_training,1569,0.17144678138942002,0.1548557986545099,0.4595177798896708,0.7837203317128967,0.1187881927591166,0.3815332317460765,0.535031847133758,0.31226765799256506
2016,development_validation,1554,0.1364221364221364,0.1655035318732304,0.4240664134957133,0.7869871776846723,0.09877268968516818,0.3349095510284208,0.4935897435897436,0.3632075471698113
2017,development_validation,1538,0.09817945383615084,0.1606238672477243,0.4016984513249435,0.8342842955160741,0.07598309634760453,0.27443123385435875,0.43506493506493504,0.44370860927152317
2018,development_validation,1538,0.16775032509752927,0.18299872823146945,0.4395589516410775,0.7795996850775193,0.11769115687549687,0.38289906902632886,0.5,0.29844961240310075
