year,input_lag,potential,below_scale,low_graph_coverage,unknown_label,retained
2007,0,1700,42,57,0,1601
2008,0,1700,40,62,0,1598
2009,0,1700,53,60,0,1587
2010,0,1700,49,75,0,1576
2011,0,1700,48,72,0,1580
2012,0,1700,52,77,0,1571
2013,0,1700,53,94,0,1553
2014,0,1700,52,100,0,1548
2015,0,1700,61,70,0,1569
2016,0,1700,64,82,0,1554
2017,0,1700,78,84,0,1538
2018,0,1700,79,83,0,1538
2019,0,1700,72,71,0,1557
2020,0,1700,72,82,0,1546
2021,0,1700,68,84,0,1548
2022,0,1700,73,83,0,1544
2023,0,1700,75,83,0,1542
