t,i,v,rows
2014,4,912422.982,3431
2014,8,2542361.738,9336
2014,12,64110051.681,5030
2014,16,59292.406,1169
2014,20,435013.994,5015
2014,24,62111079.021,3136
2014,28,613550.1140000001,4273
2014,31,26461020.430999998,5843
2014,32,70644206.887,48853
2014,36,268277545.236,125873
2014,40,165287472.802,192513
2014,44,5011998.856,4071
2014,48,22375035.481,15667
2014,50,33630097.431,26765
2014,51,1839104.961,5420
2014,52,609749.979,9154
2014,56,344465800.254,254501
2014,60,55983.193,1162
2014,64,176554.64599999998,504
2014,68,13435983.431,7415
2014,70,6230474.083,24830
2014,72,7209890.2979999995,8770
2014,76,234014012.134,120331
2014,84,601706.091,3240
2014,86,33773.955,201
2014,90,708863.247,675
2014,92,457860.903,2148
2014,96,10616783.995000001,5480
2014,100,31517231.947,76396
2014,104,28169136.911000002,9249
2014,108,339387.45,1587
2014,112,36030631.428,28330
2014,116,14944518.746,18556
2014,120,6199282.979,8940
2014,124,468991494.599,166942
2014,132,114343.39,1236
2014,136,398567.408,989
2014,140,90189.526,1222
2014,144,12244798.172,42678
2014,148,3177077.405,786
2014,152,77475624.922,39630
2014,156,2436143043.73,493095
2014,162,35086.903,301
2014,166,8728.022,384
2014,170,59426075.559,45078
2014,174,72230.64600000001,606
2014,178,11728745.800999999,3955
2014,180,8335541.137999999,2711
2014,184,33788.507,396
2014,188,19991479.057,29586
2014,191,13689895.427,48834
2014,192,1732355.988,2099
2014,196,5517054.601,19213
2014,203,164090685.68,154034
2014,204,2334429.445,3371
2014,208,101076754.387,170442
2014,212,86467.198,1639
2014,214,11060004.44,23497
2014,218,28309819.549,18933
2014,222,5608219.048,17253
2014,226,13029396.427000001,674
2014,231,3128386.39,11540
2014,232,581510.942,548
2014,233,18281933.887,48448
2014,238,207421.287,243
2014,242,1279761.7559999998,12754
2014,246,78272973.492,104372
2014,251,589275135.738,340350
2014,258,243773.87099999998,2584
2014,260,8872.584,247
2014,262,138782.506,628
2014,266,13840903.082,6459
2014,268,3702833.378,14643
2014,270,221393.45799999998,1599
2014,275,970572.743,2667
2014,276,1397814905.9840002,416376
2014,288,17288143.758,15989
2014,292,1170649.197,1381
2014,296,87560.049,556
2014,300,33987025.789,79780
2014,304,816798.16,694
2014,308,44638.815,1514
2014,316,26229.636,1588
2014,320,12247609.064,26679
2014,324,3467119.528,2408
2014,328,1602875.068,4491
2014,332,1087041.743,2446
2014,340,8939352.175999999,16217
2014,344,142470819.115,159496
2014,348,108411289.275,109924
2014,352,6707104.023,12891
2014,360,210667187.291,121188
2014,364,77098353.213,27935
2014,368,86746694.539,2618
2014,372,131950913.633,75813
2014,376,71247906.08,74865
2014,380,510159722.576,342610
2014,384,14326002.151,11835
2014,388,1489494.25,8425
2014,392,757630533.245,205191
2014,398,69015127.247,17062
2014,400,9879151.386,19725
2014,404,6376284.166,18579
2014,408,4003822.48,8166
2014,410,588167946.045,197839
2014,414,102932700.10700001,16576
2014,417,1896681.303,4504
2014,418,5187455.617,4873
2014,422,4614396.189,44864
2014,426,1413239.927,3029
2014,428,14332296.798,47238
2014,430,1538673.827,1419
2014,434,20910418.673,1523
2014,440,30222593.11,69409
2014,442,18891680.027,48031
2014,446,1437927.794,7668
2014,450,2674399.354,10695
2014,454,1467813.572,4343
2014,458,296644394.129,122975
2014,462,183828.575,1552
2014,466,3268993.5110000004,3028
2014,470,6521202.223,16362
2014,478,4434173.921,2126
2014,480,3293109.811,19611
2014,484,410139064.052,101025
2014,490,361255900.56700003,197420
2014,496,6200245.541,4849
2014,498,3109275.272,12534
2014,499,659751.102,5882
2014,500,5128.554,567
2014,504,28941455.665,45510
2014,508,7862280.092,5650
2014,512,51932608.342,14041
2014,516,6705542.5430000005,16916
2014,520,36199.057,607
2014,524,1100388.771,10810
2014,528,503358667.844,284663
2014,531,2721379.157,5736
2014,533,732755.223,2545
2014,534,31480.381,1490
2014,535,161245.928,114
2014,540,1808404.881,4143
2014,548,654664.572,613
2014,554,43907331.087,72436
2014,558,5298536.477,9949
2014,562,1300551.479,2902
2014,566,103604950.467,14097
2014,570,3969.237,535
2014,574,4381.536,100
2014,579,148376505.029,78255
2014,580,2500.105,316
2014,583,35818.526,268
2014,584,853096.727,661
2014,585,23505.907,449
2014,586,29838992.884,62751
2014,591,12130988.758,51302
2014,598,9922202.147,2038
2014,600,9971263.615,5723
2014,604,40728577.115,38982
2014,608,73490635.545,61317
2014,612,1325.75,230
2014,616,208532971.187,179268
2014,620,65468573.454,128232
2014,624,300184.426,186
2014,626,129162.454,363
2014,634,128802756.509,10292
2014,642,73701944.248,91541
2014,643,483669270.174,97496
2014,646,735448.478,3081
2014,652,6325.5560000000005,143
2014,654,18972.121,402
2014,659,109584.833,1502
2014,660,20120.231,386
2014,662,290467.637,4369
2014,666,3330.288,129
2014,670,195463.378,2821
2014,674,149806.612,2718
2014,678,17330.957,869
2014,682,367729607.906,37271
2014,686,2954554.047,12032
2014,688,15958774.086,48693
2014,690,620576.35,2480
2014,694,2511759.1,4389
2014,699,315184793.036,282818
2014,702,276402808.628,143143
2014,703,79143849.92,80406
2014,704,168043438.589,96441
2014,705,31659423.608,84029
2014,706,712446.7880000001,859
2014,710,114106517.164,141048
2014,716,3659446.695,6498
2014,724,305381759.584,288934
2014,728,4401205.323000001,206
2014,729,6243989.807,3055
2014,740,2434640.991,3575
2014,748,2434813.412,9584
2014,752,160263741.175,163879
2014,757,302530366.48899996,196934
2014,760,1129957.837,7313
2014,762,831281.3960000001,1561
2014,764,247867964.945,181967
2014,768,2929416.73,5644
2014,772,22566.968,1306
2014,776,19043.422,1507
2014,780,19723252.503,17896
2014,784,260570882.11,156734
2014,788,18522000.906,37510
2014,792,176166150.23,238769
2014,795,11928902.801,1465
2014,796,30759.014,1181
2014,798,13060.662,207
2014,800,2349907.812,11912
2014,804,61689057.37,64646
2014,807,5660351.839,20448
2014,818,34327166.624,54308
2014,826,464533182.795,330174
2014,834,7348684.268,15575
2014,842,1518946595.1299999,416879
2014,854,3463499.739,3385
2014,858,9459580.416,12770
2014,860,6540164.391,3682
2014,862,70485055.179,8946
2014,876,1781.4730000000002,152
2014,882,56558.399,1193
2014,887,8493341.326,4304
2014,894,14047461.331,8103
