t,j,v,rows
2015,4,12904292.26,14886
2015,8,4356295.429,28709
2015,12,54780238.58499999,58747
2015,16,149915.149,1721
2015,20,1367239.827,16282
2015,24,21920155.314,61645
2015,28,686543.131,16554
2015,31,11163478.589,43473
2015,32,60868514.55,56621
2015,36,194901806.42000002,110382
2015,40,146346172.719,122058
2015,44,9260472.404,20099
2015,48,17068993.142,65350
2015,50,49202022.333,54294
2015,51,3472244.202,40405
2015,52,1718876.217,28717
2015,56,282138509.439,118796
2015,60,3600909.992,15732
2015,64,471346.71599999996,2893
2015,68,9934663.202,49089
2015,70,9188684.289,63738
2015,72,8222659.643999999,20367
2015,76,180821617.297,86434
2015,84,1236064.197,19249
2015,86,23270.285,569
2015,90,454072.123,13775
2015,92,2210740.697,5145
2015,96,3818919.208,33985
2015,100,29532902.061,75366
2015,104,24237390.235,30653
2015,108,673449.465,11950
2015,112,29346565.942999996,59739
2015,116,18620824.6,29368
2015,120,7131930.408,42054
2015,124,403035290.70100003,141617
2015,132,651542.81,17927
2015,136,2433548.823,5777
2015,140,620437.169,6077
2015,144,22037138.698,55384
2015,148,880292.743,8132
2015,152,60133327.714,79563
2015,156,1328778684.115,138463
2015,162,20790.357,992
2015,166,5508.128,241
2015,170,53291390.149000004,71151
2015,174,374002.907,8891
2015,178,12403139.388,38836
2015,180,8408867.855,46601
2015,184,129045.329,3672
2015,188,15277041.535,64077
2015,191,21555378.747,70600
2015,192,7029160.143999999,20956
2015,196,8837644.502,54430
2015,203,139892922.074,111544
2015,204,5896535.221,20388
2015,208,86352471.543,108492
2015,212,205017.654,5748
2015,214,18782020.444000002,55775
2015,218,21996597.493,54911
2015,222,10598799.742,47285
2015,226,2927048.937,14602
2015,231,17669945.635,45555
2015,232,401338.145,3771
2015,233,15397031.762,76842
2015,238,249724.034,1815
2015,242,2768349.857,27583
2015,246,56727544.927,93237
2015,251,560090916.91,173844
2015,258,1601420.94,33245
2015,260,34810.213,879
2015,262,4165700.197,13467
2015,266,7214923.104,32982
2015,268,7826882.979,51499
2015,270,1054823.602,16394
2015,275,5210355.838,19820
2015,276,989358737.221,182934
2015,288,16954798.515,66534
2015,292,8595480.719,8594
2015,296,184959.043,8648
2015,300,48676835.36,79058
2015,304,713551.238,13115
2015,308,370817.482,15158
2015,316,744144.3589999999,4398
2015,320,18108448.95,51324
2015,324,3179017.777,23779
2015,328,1657108.371,20772
2015,332,3505050.4039999996,12590
2015,340,10199384.408,45836
2015,344,582759340.778,92245
2015,348,90529673.269,89252
2015,352,6027812.008,56957
2015,360,146920870.146,81414
2015,364,55246518.477,45869
2015,368,46109321.307,33360
2015,372,77413579.308,81202
2015,376,61267862.173,75032
2015,380,412559053.122,143451
2015,384,11547569.858,50311
2015,388,5024896.503,27841
2015,392,601474931.41,101897
2015,398,32358136.337,70217
2015,400,22720131.008,49002
2015,404,18014216.907,56932
2015,408,3765061.232,5925
2015,410,435948065.946,112524
2015,414,33132182.011,79463
2015,417,5115182.509,28318
2015,418,6618945.466,14310
2015,422,19987292.182,66045
2015,426,1468092.139,8838
2015,428,14624274.661,67490
2015,430,6113408.273,13942
2015,434,12807860.573,20063
2015,440,28056436.196,77104
2015,442,19828675.952,57332
2015,446,12294073.25,17398
2015,450,3015403.893,33354
2015,454,2364683.15,23370
2015,458,184196904.574,89471
2015,462,2124439.15,36753
2015,466,3259753.976,16021
2015,470,13387851.004,46192
2015,478,4960354.259,17233
2015,480,4780098.583,49509
2015,484,377354547.664,75643
2015,490,223165038.3,87799
2015,496,3971528.17,31837
2015,498,4105819.819,46874
2015,499,2283739.692,42344
2015,500,36031.039000000004,5936
2015,504,38935252.362,65849
2015,508,10596458.738,37421
2015,512,32481826.752,60951
2015,516,8598031.536,27188
2015,520,71030.502,1609
2015,524,7117044.672,24984
2015,528,456632351.798,273186
2015,531,2225036.265,14112
2015,533,2406677.4080000003,12255
2015,534,891609.496,6594
2015,535,93323.757,2524
2015,540,2944099.414,34900
2015,548,396603.748,7851
2015,554,36697733.701,86356
2015,558,6592675.3780000005,42822
2015,562,2775137.3850000002,17702
2015,566,41648374.69,58759
2015,570,18652.253,1200
2015,574,20455.298000000003,1114
2015,579,82377454.977,104963
2015,580,157850.105,1645
2015,583,161806.38199999998,2191
2015,584,14734706.212000001,4706
2015,585,168553.684,13219
2015,586,48352082.593,59761
2015,591,32523940.395,58369
2015,598,4738450.709,16779
2015,600,10545419.747000001,36666
2015,604,49376834.643999994,68331
2015,608,77479306.186,70467
2015,612,1328.043,109
2015,616,196311863.46699998,119463
2015,620,68686574.474,78806
2015,624,329756.045,7449
2015,626,518132.79099999997,6152
2015,634,37509980.066,56793
2015,642,69050852.946,93663
2015,643,187368053.899,118770
2015,646,2529252.2600000002,28256
2015,652,109133.377,2447
2015,654,68323.898,2381
2015,659,388173.738,12422
2015,660,70971.602,2031
2015,662,1434387.132,17405
2015,666,48753.83500000001,2938
2015,670,456901.25399999996,17001
2015,674,283967.211,3610
2015,678,160323.52599999998,7151
2015,682,188174051.966,81198
2015,686,7225334.410999999,38262
2015,688,18516501.648,82418
2015,690,1107489.186,38442
2015,694,2098410.659,13533
2015,699,383176053.283,105942
2015,702,311700989.985,114772
2015,703,73756364.144,85812
2015,704,175152970.711,80568
2015,705,27276934.297,86823
2015,706,2213825.054,8808
2015,710,84443764.26099999,119648
2015,716,6249831.062,29682
2015,724,311195727.321,139337
2015,728,759528.976,6218
2015,729,11069007.191,34834
2015,740,1898618.0219999999,17111
2015,748,1701088.673,14195
2015,752,131195119.191,107130
2015,757,237426255.964,134172
2015,760,5658901.996,14076
2015,762,3739170.554,11300
2015,764,201216238.095,108930
2015,768,7906017.345,19647
2015,772,5775.975,220
2015,776,170975.971,4318
2015,780,9934629.743999999,37838
2015,784,205988650.09,133421
2015,788,22059283.365000002,53555
2015,792,197549577.11699998,104925
2015,795,6632116.11,19286
2015,796,207323.125,3026
2015,798,55344.47,1614
2015,800,5937526.565,38310
2015,804,40622697.01,79604
2015,807,6772557.864,56662
2015,818,77854230.116,74363
2015,826,626673060.968,152563
2015,834,17935454.446,57396
2015,842,2214899039.688,186106
2015,854,3569389.333,23299
2015,858,10136028.514,48380
2015,860,10499585.881000001,23348
2015,862,27804364.647,28399
2015,876,40703.705,2394
2015,882,459665.74,12313
2015,887,8648759.477,18265
2015,894,8216900.041999999,35182
