t,observed,size_eligible,known_label,eligible
1995,1700,1622,1700,1622
1996,1700,1641,1700,1641
1997,1700,1638,1700,1638
1998,1700,1639,1699,1639
1999,1699,1633,1699,1633
2000,1700,1639,1700,1639
2001,1700,1641,1700,1641
2002,1700,1631,1700,1631
2003,1700,1642,1700,1642
2004,1700,1646,1700,1646
2005,1700,1646,1700,1646
2006,1700,1648,1700,1648
2007,1700,1658,1700,1658
2008,1700,1660,1700,1660
2009,1700,1647,1699,1647
2010,1699,1651,1699,1651
2011,1700,1652,1700,1652
2012,1700,1648,1700,1648
2013,1700,1647,1700,1647
2014,1700,1648,1700,1648
2015,1700,1639,1700,1639
2016,1700,1636,1698,1636
2017,1698,1622,1696,1622
2018,1698,1621,1694,1621
2019,1696,1628,1692,1628
2020,1692,1628,1689,1628
2021,1690,1632,1681,1632
2022,1681,1627,1681,1627
2023,1681,1625,1681,1625
2024,1681,1618,0,0
