year,all_rows,all_invalid_value,hs84_raw_rows,hs84_duplicate_keys,hs84_invalid_value,hs84_quantity_missing,hs84_quantity_nonpositive,hs4_rows,exporters,importers,value_thousand_usd,exporter_mapping_missing,importer_mapping_missing
1995,4981382,0,645991,0,0,37025,0,226678,211,213,743984162.518,0,0
1996,5337010,0,694495,0,0,34228,0,243243,213,214,808646496.4219999,0,0
1997,5616781,0,730175,0,0,31195,0,254895,213,213,848514470.127,0,0
1998,5847753,0,768612,0,0,30026,0,268559,213,213,869545392.026,0,0
1999,5994574,0,778217,0,0,30362,0,274151,214,213,895701349.871,0,0
2000,7272709,0,899315,0,0,3721,0,315162,223,222,979273086.289,0,0
2001,7517476,0,933928,0,0,5984,0,326371,223,222,942914234.5430001,0,0
2002,7726247,0,961671,0,0,4232,0,336134,223,222,965853679.356,0,0
2003,7981414,0,995271,0,0,5579,0,345862,222,222,1092320478.8400002,0,0
2004,8359779,0,1042888,0,0,4902,0,360833,222,222,1290621954.874,0,0
2005,8656742,0,1086991,0,0,4623,0,374675,222,222,1424966288.738,0,0
2006,9002200,0,1136945,0,0,5243,0,389541,223,223,1596529930.254,0,0
2007,9194704,0,1179074,0,0,13931,0,404897,223,223,1840654190.927,0,0
2008,9347080,0,1205193,0,0,13786,0,413247,223,223,2002426526.427,0,0
2009,9218581,0,1178934,0,0,13911,0,409625,223,223,1562352292.372,0,0
2010,9470765,0,1212018,0,0,18506,0,418967,223,223,1847712987.415,0,0
2011,9640712,0,1237817,0,0,16397,0,425411,225,225,2106965423.9740002,0,0
2012,9937050,0,1275705,0,0,25457,0,436556,225,226,2095620521.0279999,0,0
2013,10098942,0,1294595,0,0,17108,0,442966,227,227,2071196153.962,0,0
2014,10145672,0,1297710,0,0,18629,0,444003,226,226,2120504422.1080003,0,0
2015,10499686,0,1341294,0,0,31972,0,455340,226,226,1958601014.0819998,0,0
2016,10569571,0,1346744,0,0,25521,0,459816,226,226,1909978707.443,0,0
2017,10821738,0,1372354,0,0,25943,0,468854,226,226,2105647735.6940002,0,0
2018,10924964,0,1384543,0,0,25020,0,472722,226,226,2279079855.5130005,0,0
2019,11016660,0,1390181,0,0,25957,0,474129,226,226,2236785821.625,0,0
2020,10638241,0,1323712,0,0,25913,0,454184,226,226,2107605964.876,0,0
2021,11146476,0,1369109,0,0,24441,0,469017,226,226,2455140647.518,0,0
2022,11154874,0,1370996,0,0,30714,0,469504,226,226,2599034034.8939996,0,0
2023,11194668,0,1379586,0,0,36973,0,472516,226,226,2610369680.3929996,0,0
2024,10580049,0,1293456,0,0,30096,0,443330,226,226,2764867780.082,0,0
