t,i,k4,label_observed_continuing,p_base
2013,842,8401,1,0.3716868
2013,842,8402,1,0.23922537
2013,842,8403,0,0.10781062
2013,842,8404,0,0.11621894
2013,842,8405,0,0.11001852
2013,842,8406,0,0.08908033
2013,842,8407,0,0.07203377
2013,842,8408,0,0.07317434
2013,842,8409,0,0.028692888
2013,842,8410,1,0.12768579
2013,842,8411,0,0.04039494
2013,842,8412,0,0.035776757
2013,842,8413,0,0.05123002
2013,842,8414,0,0.04720163
2013,842,8415,0,0.039010864
2013,842,8416,0,0.037229106
2013,842,8417,0,0.09543717
2013,842,8418,0,0.025367768
2013,842,8419,0,0.025879757
2013,842,8420,0,0.08021211
2013,842,8421,0,0.018343264
2013,842,8422,0,0.022691041
2013,842,8423,0,0.03249363
2013,842,8424,0,0.020525597
2013,842,8425,0,0.023745267
2013,842,8426,0,0.08811653
2013,842,8427,0,0.08075711
2013,842,8428,0,0.03852536
2013,842,8429,0,0.059039913
2013,842,8431,0,0.021515418
2013,842,8432,0,0.09373221
2013,842,8433,0,0.030277861
2013,842,8434,0,0.19902402
2013,842,8435,0,0.11944659
2013,842,8436,0,0.1663558
2013,842,8437,0,0.5396949
2013,842,8438,0,0.059978053
2013,842,8439,0,0.08234323
2013,842,8440,0,0.06823704
2013,842,8441,0,0.044278063
2013,842,8442,0,0.10976522
2013,842,8443,0,0.08008724
2013,842,8444,0,0.6405617
2013,842,8445,0,0.12640119
2013,842,8446,1,0.14321929
2013,842,8449,0,0.20335992
2013,842,8450,0,0.047083974
2013,842,8451,0,0.025704099
2013,842,8453,0,0.065684095
2013,842,8454,0,0.06748282
2013,842,8455,1,0.13258407
2013,842,8456,0,0.079371445
2013,842,8457,0,0.07300804
2013,842,8458,0,0.05497166
2013,842,8459,0,0.07078687
2013,842,8460,0,0.058766462
2013,842,8461,0,0.066585205
2013,842,8462,0,0.052273635
2013,842,8463,0,0.09071399
2013,842,8464,0,0.082325
2013,842,8465,1,0.057911232
2013,842,8466,0,0.030660683
2013,842,8467,0,0.027473468
2013,842,8468,0,0.04018794
2013,842,8470,0,0.123443395
2013,842,8471,0,0.018216524
2013,842,8472,0,0.041667048
2013,842,8473,0,0.07480264
2013,842,8474,0,0.03298798
2013,842,8475,0,0.20662716
2013,842,8476,0,0.07302774
2013,842,8477,0,0.03392731
2013,842,8479,0,0.052371476
2013,842,8480,0,0.12560657
2013,842,8481,0,0.02082978
2013,842,8482,0,0.023568302
2013,842,8483,0,0.02987379
2013,842,8484,0,0.109589145
2013,842,8485,0,0.049016327
2013,276,8401,0,0.16983245
2013,276,8402,0,0.09707731
2013,276,8403,0,0.0475647
2013,276,8404,0,0.059956413
2013,276,8405,0,0.14005151
2013,276,8406,0,0.06121536
2013,276,8407,0,0.05593201
2013,276,8408,0,0.049969714
2013,276,8409,0,0.026730798
2013,276,8410,0,0.26699576
2013,276,8411,0,0.037468307
2013,276,8412,0,0.032920796
2013,276,8413,0,0.023352591
2013,276,8414,0,0.021407558
2013,276,8415,0,0.030201308
2013,276,8416,0,0.031350188
2013,276,8417,1,0.10974877
2013,276,8418,0,0.025228813
2013,276,8419,0,0.019762823
2013,276,8420,0,0.050059717
2013,276,8421,0,0.015822126
2013,276,8422,0,0.023557233
2013,276,8423,0,0.022795014
2013,276,8424,0,0.02357695
2013,276,8425,0,0.021908967
2013,276,8426,0,0.028152034
2013,276,8427,0,0.081197366
2013,276,8428,0,0.020319482
2013,276,8429,0,0.055325057
2013,276,8430,0,0.042518448
2013,276,8431,0,0.024297789
2013,276,8432,0,0.07399212
2013,276,8433,0,0.04138767
2013,276,8434,0,0.04106052
2013,276,8435,0,0.09180068
2013,276,8436,0,0.051800188
2013,276,8437,0,0.070941515
2013,276,8438,0,0.026904108
2013,276,8439,0,0.085358344
2013,276,8440,0,0.042096686
2013,276,8441,0,0.031003043
2013,276,8442,0,0.056337357
2013,276,8443,0,0.0900614
2013,276,8444,1,0.22508001
2013,276,8445,0,0.18728454
2013,276,8446,0,0.223465
2013,276,8447,0,0.13014503
2013,276,8448,0,0.054331228
2013,276,8449,0,0.09326251
2013,276,8450,0,0.048795316
2013,276,8451,0,0.022503719
2013,276,8452,0,0.050881315
2013,276,8453,0,0.08299239
2013,276,8454,0,0.15026225
2013,276,8455,1,0.24299508
2013,276,8456,0,0.117622934
2013,276,8457,0,0.16291805
2013,276,8458,0,0.048521135
2013,276,8459,0,0.05920438
2013,276,8460,0,0.05226851
2013,276,8461,0,0.050655972
2013,276,8462,0,0.043203227
2013,276,8463,0,0.09097863
2013,276,8464,0,0.038144957
2013,276,8465,0,0.055637676
2013,276,8466,0,0.03763108
2013,276,8467,0,0.023905074
2013,276,8468,0,0.041792657
2013,276,8469,0,0.20981683
2013,276,8470,0,0.06405518
2013,276,8471,0,0.034915145
2013,276,8472,0,0.054724794
2013,276,8473,0,0.12928464
2013,276,8474,0,0.04326286
2013,276,8475,0,0.06578138
2013,276,8476,0,0.06896847
2013,276,8477,0,0.03447091
2013,276,8478,0,0.12064282
2013,276,8479,0,0.028213745
2013,276,8480,0,0.058549374
2013,276,8481,0,0.020226648
2013,276,8482,0,0.02201697
2013,276,8483,0,0.0237358
2013,276,8484,0,0.020126851
2013,276,8485,0,0.025322476
2013,392,8401,1,0.16394989
2013,392,8402,0,0.15356763
2013,392,8403,0,0.16892141
2013,392,8404,0,0.18238246
2013,392,8405,0,0.1162965
2013,392,8406,0,0.09657244
2013,392,8407,0,0.03341064
2013,392,8408,0,0.050196175
2013,392,8409,0,0.023993315
2013,392,8410,0,0.25809214
2013,392,8411,0,0.079061896
2013,392,8412,0,0.04650386
2013,392,8413,0,0.021431506
2013,392,8414,0,0.021666083
2013,392,8415,0,0.021218263
2013,392,8416,0,0.25489736
2013,392,8417,0,0.13009776
2013,392,8418,0,0.07582058
2013,392,8419,0,0.031425122
2013,392,8420,0,0.17776027
2013,392,8421,0,0.014500438
2013,392,8422,0,0.031368308
2013,392,8423,0,0.03233531
2013,392,8424,0,0.03468806
2013,392,8425,0,0.026131837
2013,392,8426,0,0.04758181
2013,392,8427,0,0.054610796
2013,392,8428,0,0.032801434
2013,392,8429,0,0.06166553
2013,392,8430,0,0.042698268
2013,392,8431,0,0.037052784
2013,392,8432,0,0.08323123
2013,392,8433,0,0.044782218
2013,392,8434,1,0.27402374
2013,392,8435,0,0.17068358
2013,392,8436,0,0.086842194
2013,392,8437,0,0.09377412
2013,392,8438,0,0.035627056
2013,392,8439,1,0.23606522
2013,392,8440,0,0.12197287
2013,392,8441,0,0.044709984
2013,392,8442,1,0.076999076
2013,392,8443,0,0.09933803
2013,392,8444,0,0.20593949
2013,392,8445,0,0.32884696
2013,392,8446,0,0.31460768
2013,392,8447,0,0.098001696
2013,392,8448,1,0.13794504
2013,392,8449,0,0.2065422
2013,392,8450,0,0.11888398
2013,392,8451,0,0.06623976
2013,392,8452,0,0.06842344
2013,392,8453,0,0.20379405
2013,392,8454,0,0.09116671
2013,392,8455,0,0.27141058
2013,392,8456,0,0.37189862
2013,392,8457,0,0.114334464
2013,392,8458,0,0.08843473
2013,392,8459,0,0.06520663
2013,392,8460,0,0.062011354
2013,392,8461,1,0.0658184
2013,392,8462,0,0.056362562
2013,392,8463,0,0.10452434
2013,392,8464,0,0.12550014
2013,392,8465,0,0.076195404
2013,392,8466,0,0.041550912
2013,392,8467,0,0.024611164
2013,392,8468,1,0.12509625
2013,392,8469,0,0.23274373
2013,392,8470,0,0.050231297
2013,392,8471,0,0.031600945
2013,392,8472,1,0.045728244
2013,392,8473,0,0.18469511
2013,392,8474,0,0.038439166
2013,392,8475,0,0.35757178
2013,392,8476,1,0.2233469
2013,392,8477,0,0.035880446
2013,392,8478,1,0.4789897
2013,392,8479,0,0.058696374
2013,392,8480,0,0.061458763
2013,392,8481,0,0.023283323
2013,392,8482,0,0.023358459
2013,392,8483,0,0.024238892
2013,392,8484,0,0.021412058
2013,392,8485,0,0.030600477
2013,156,8401,0,0.16768344
2013,156,8402,1,0.09297655
2013,156,8404,0,0.17412767
2013,156,8405,0,0.23539792
2013,156,8406,1,0.15693125
2013,156,8407,0,0.052379683
2013,156,8408,0,0.08174828
2013,156,8409,0,0.023588194
2013,156,8411,0,0.059804965
2013,156,8412,0,0.0204028
2013,156,8413,0,0.03430149
2013,156,8414,0,0.019492045
2013,156,8415,0,0.018834945
2013,156,8416,0,0.055295706
2013,156,8417,0,0.057976477
2013,156,8418,0,0.013569257
2013,156,8419,0,0.02949562
2013,156,8420,0,0.037229
2013,156,8421,0,0.013649483
2013,156,8422,0,0.0146828
2013,156,8423,0,0.0144486325
2013,156,8424,0,0.016547885
2013,156,8425,0,0.016221855
2013,156,8426,0,0.021762587
2013,156,8427,0,0.045812476
2013,156,8428,0,0.026172858
2013,156,8430,0,0.09268734
2013,156,8431,0,0.017381275
2013,156,8432,0,0.036925275
2013,156,8433,0,0.01498625
2013,156,8434,0,0.13576114
2013,156,8436,0,0.05086999
2013,156,8439,0,0.1054137
2013,156,8440,0,0.049809016
2013,156,8441,0,0.037182968
2013,156,8442,0,0.07868083
2013,156,8443,0,0.069533095
2013,156,8444,0,0.20968564
2013,156,8445,0,0.11924318
2013,156,8446,0,0.12810536
2013,156,8447,0,0.11500202
2013,156,8448,0,0.06513376
2013,156,8449,0,0.14230259
2013,156,8450,0,0.04756009
2013,156,8451,0,0.030809747
2013,156,8452,0,0.02892823
2013,156,8453,0,0.15406339
2013,156,8454,0,0.09275607
2013,156,8455,0,0.10492339
2013,156,8456,0,0.090100385
2013,156,8457,0,0.084952
2013,156,8458,0,0.030626804
2013,156,8459,0,0.032766543
2013,156,8460,0,0.03977782
2013,156,8461,0,0.027879462
2013,156,8462,0,0.027140856
2013,156,8463,0,0.059779897
2013,156,8464,0,0.031131791
2013,156,8465,0,0.06955728
2013,156,8466,0,0.031475764
2013,156,8467,0,0.024184622
2013,156,8468,0,0.02635247
2013,156,8469,1,0.111820735
2013,156,8470,0,0.021980245
2013,156,8471,0,0.0352064
2013,156,8472,0,0.02449211
2013,156,8473,0,0.057264093
2013,156,8475,0,0.21995941
2013,156,8476,0,0.046375435
2013,156,8477,0,0.0287506
2013,156,8479,0,0.024072768
2013,156,8480,0,0.04628584
2013,156,8481,0,0.013205158
2013,156,8482,0,0.020602843
2013,156,8483,0,0.01978207
2013,156,8484,0,0.049836837
2013,380,8401,0,0.2035698
2013,380,8402,0,0.108779535
2013,380,8403,0,0.14048198
2013,380,8404,1,0.21630435
2013,380,8405,0,0.17653917
2013,380,8406,0,0.27718824
2013,380,8407,0,0.17878643
2013,380,8408,0,0.059032425
2013,380,8409,0,0.028653247
2013,380,8410,0,0.12096723
2013,380,8411,0,0.14254624
2013,380,8412,0,0.03781372
2013,380,8413,0,0.020356612
2013,380,8414,0,0.024553448
2013,380,8415,0,0.022887558
2013,380,8416,0,0.07012858
2013,380,8417,0,0.12184991
2013,380,8418,0,0.01888221
2013,380,8419,0,0.04898635
2013,380,8420,0,0.084586695
2013,380,8421,0,0.019640405
2013,380,8422,0,0.023631442
2013,380,8423,0,0.035534102
2013,380,8424,0,0.025324684
2013,380,8425,0,0.110715464
2013,380,8426,0,0.052411824
2013,380,8427,0,0.07700256
2013,380,8428,0,0.026925737
2013,380,8429,0,0.05950187
2013,380,8430,0,0.02829688
2013,380,8431,0,0.026048675
2013,380,8432,0,0.038453214
2013,380,8433,0,0.034815565
2013,380,8434,0,0.10581176
2013,380,8436,0,0.033512447
2013,380,8438,0,0.06284068
2013,380,8439,0,0.07852606
2013,380,8440,0,0.05450134
2013,380,8441,0,0.042752553
2013,380,8442,0,0.058762986
2013,380,8443,0,0.1302753
2013,380,8444,0,0.2610163
2013,380,8445,0,0.17861271
2013,380,8446,0,0.23027174
2013,380,8447,0,0.11494894
2013,380,8448,0,0.04716537
2013,380,8449,0,0.30937067
2013,380,8450,0,0.04627637
2013,380,8451,0,0.048763633
2013,380,8452,0,0.08235787
2013,380,8453,0,0.063117586
2013,380,8454,0,0.050917342
2013,380,8455,0,0.11406418
2013,380,8456,0,0.059699774
2013,380,8457,0,0.079255335
2013,380,8458,0,0.057024676
2013,380,8459,0,0.05074551
2013,380,8460,0,0.058951393
2013,380,8461,0,0.03633481
2013,380,8462,0,0.03952675
2013,380,8463,0,0.06650874
2013,380,8464,0,0.076483816
2013,380,8465,0,0.043949876
2013,380,8466,0,0.03308537
2013,380,8467,0,0.026303196
2013,380,8468,1,0.07384543
2013,380,8469,0,0.2525332
2013,380,8470,0,0.12772731
2013,380,8471,0,0.036888335
2013,380,8472,0,0.11271024
2013,380,8473,0,0.091255195
2013,380,8474,0,0.06795932
2013,380,8475,0,0.13298465
2013,380,8476,0,0.05711523
2013,380,8477,0,0.057822205
2013,380,8478,1,0.2963296
2013,380,8479,0,0.027637105
2013,380,8480,0,0.06217743
2013,380,8481,0,0.020138124
2013,380,8482,0,0.044810425
2013,380,8483,0,0.028685592
2013,380,8484,0,0.020288082
2013,380,8485,0,0.0369241
2013,826,8401,1,0.49457726
2013,826,8402,0,0.061129496
2013,826,8403,0,0.15704046
2013,826,8404,1,0.23988721
2013,826,8406,1,0.11039412
2013,826,8407,0,0.06197567
2013,826,8408,0,0.050478358
2013,826,8409,0,0.022136243
2013,826,8411,0,0.037087027
2013,826,8412,0,0.03896132
2013,826,8413,0,0.022211118
2013,826,8414,0,0.02003669
2013,826,8415,0,0.026391296
2013,826,8416,0,0.061812434
2013,826,8417,0,0.07045852
2013,826,8418,0,0.020436881
2013,826,8419,0,0.022995528
2013,826,8420,1,0.16410032
2013,826,8421,0,0.019444551
2013,826,8422,0,0.018618988
2013,826,8423,0,0.022302572
2013,826,8424,0,0.019652063
2013,826,8425,0,0.025321053
2013,826,8426,0,0.030129436
2013,826,8427,0,0.08283468
2013,826,8428,0,0.02633901
2013,826,8429,0,0.068155624
2013,826,8431,0,0.025114207
2013,826,8432,0,0.051439747
2013,826,8433,0,0.03845727
2013,826,8434,0,0.1714863
2013,826,8436,0,0.22805974
2013,826,8438,0,0.051785525
2013,826,8439,1,0.115267955
2013,826,8440,0,0.09594702
2013,826,8441,0,0.03801936
2013,826,8442,0,0.082315914
2013,826,8443,0,0.088895686
2013,826,8444,0,0.15792078
2013,826,8445,0,0.13630886
2013,826,8446,0,0.38544685
2013,826,8447,0,0.09099789
2013,826,8448,0,0.05730256
2013,826,8450,0,0.14497475
2013,826,8451,0,0.051963005
2013,826,8453,0,0.11335781
2013,826,8454,0,0.12553608
2013,826,8455,1,0.19455695
2013,826,8456,0,0.1396226
2013,826,8457,0,0.2297691
2013,826,8458,0,0.083033204
2013,826,8459,0,0.053713102
2013,826,8460,0,0.09422368
2013,826,8461,0,0.0707307
2013,826,8462,0,0.03429379
2013,826,8463,0,0.096337676
2013,826,8464,0,0.090771414
2013,826,8465,0,0.06224825
2013,826,8466,0,0.032077894
2013,826,8467,0,0.04620116
2013,826,8468,0,0.057004612
2013,826,8469,0,0.118896686
2013,826,8470,0,0.08218908
2013,826,8471,0,0.03685928
2013,826,8472,0,0.04039613
2013,826,8473,0,0.08245845
2013,826,8474,0,0.034301654
2013,826,8475,0,0.07058568
2013,826,8476,0,0.10535485
2013,826,8477,0,0.031165276
2013,826,8478,0,0.074274585
2013,826,8479,0,0.029826282
2013,826,8480,0,0.096318915
2013,826,8481,0,0.018013539
2013,826,8482,0,0.024795324
2013,826,8483,0,0.02755619
2013,826,8484,0,0.01968733
2013,826,8485,0,0.02439842
2013,251,8401,1,0.27000517
2013,251,8402,1,0.25741324
2013,251,8403,0,0.057997845
2013,251,8406,0,0.07293006
2013,251,8407,0,0.05501077
2013,251,8408,0,0.07585184
2013,251,8409,0,0.03150418
2013,251,8411,0,0.06082135
2013,251,8412,0,0.047779698
2013,251,8413,0,0.024859477
2013,251,8414,0,0.02260335
2013,251,8415,0,0.02864423
2013,251,8416,0,0.05050635
2013,251,8417,0,0.105399005
2013,251,8418,0,0.030341493
2013,251,8419,0,0.020464621
2013,251,8420,1,0.1508011
2013,251,8421,0,0.020034086
2013,251,8422,0,0.01973775
2013,251,8424,0,0.02834672
2013,251,8425,0,0.025399419
2013,251,8427,0,0.05403803
2013,251,8428,0,0.027384965
2013,251,8429,0,0.06134503
2013,251,8430,0,0.06231241
2013,251,8431,0,0.027115656
2013,251,8432,0,0.04633478
2013,251,8433,0,0.040081993
2013,251,8434,0,0.17338455
2013,251,8435,0,0.10674398
2013,251,8436,0,0.040254563
2013,251,8438,0,0.026160479
2013,251,8439,1,0.13793531
2013,251,8440,1,0.09522643
2013,251,8441,0,0.05245895
2013,251,8442,0,0.30184078
2013,251,8443,0,0.07449467
2013,251,8444,0,0.3196847
2013,251,8445,0,0.24552894
2013,251,8446,0,0.19393858
2013,251,8447,0,0.12798418
2013,251,8448,0,0.09926543
2013,251,8449,1,0.37163737
2013,251,8450,0,0.06798623
2013,251,8451,0,0.04032067
2013,251,8452,0,0.07282599
2013,251,8453,0,0.078841485
2013,251,8454,1,0.16822968
2013,251,8455,0,0.09002639
2013,251,8456,0,0.11038703
2013,251,8457,1,0.13523135
2013,251,8458,0,0.18021551
2013,251,8459,0,0.05967131
2013,251,8460,0,0.07632429
2013,251,8461,0,0.061970115
2013,251,8462,0,0.047311045
2013,251,8463,0,0.12047001
2013,251,8464,0,0.07177154
2013,251,8466,0,0.046793766
2013,251,8467,0,0.048426367
2013,251,8468,1,0.09096798
2013,251,8470,0,0.074381396
2013,251,8471,0,0.034045026
2013,251,8472,0,0.091658734
2013,251,8473,0,0.08113206
2013,251,8475,1,0.1564207
2013,251,8476,0,0.20651826
2013,251,8477,0,0.031330667
2013,251,8479,0,0.0316966
2013,251,8480,0,0.060591646
2013,251,8481,0,0.022832837
2013,251,8482,0,0.030206198
2013,251,8483,0,0.026280442
2013,251,8484,0,0.026996091
2013,251,8485,0,0.030449746
2013,490,8402,0,0.15056255
2013,490,8403,1,0.5168412
2013,490,8404,1,0.51028174
2013,490,8405,0,0.63242966
2013,490,8406,1,0.5942661
2013,490,8407,0,0.11006609
2013,490,8408,0,0.13053258
2013,490,8409,0,0.035348702
2013,490,8410,0,0.2980871
2013,490,8411,0,0.08215974
2013,490,8412,0,0.08383029
2013,490,8413,0,0.028184997
2013,490,8414,0,0.023416558
2013,490,8415,0,0.02856853
2013,490,8416,0,0.08247046
2013,490,8417,0,0.11353231
2013,490,8418,0,0.020409089
2013,490,8419,0,0.04816493
2013,490,8420,0,0.53943044
2013,490,8421,0,0.025656858
2013,490,8422,0,0.038470134
2013,490,8423,0,0.036002222
2013,490,8424,0,0.03077095
2013,490,8425,0,0.040566538
2013,490,8426,0,0.1494507
2013,490,8427,0,0.08866794
2013,490,8428,0,0.06937547
2013,490,8429,0,0.091250464
2013,490,8430,1,0.1487174
2013,490,8431,0,0.039895833
2013,490,8432,0,0.06116548
2013,490,8433,0,0.050434653
2013,490,8434,1,0.19847663
2013,490,8435,0,0.3327968
2013,490,8436,0,0.1889737
2013,490,8438,0,0.030352032
2013,490,8439,0,0.14374603
2013,490,8440,0,0.07255319
2013,490,8441,0,0.06752262
2013,490,8442,0,0.10782452
2013,490,8443,0,0.10751505
2013,490,8444,0,0.25682834
2013,490,8445,0,0.18102157
2013,490,8446,1,0.25883564
2013,490,8447,0,0.10722372
2013,490,8448,0,0.06608246
2013,490,8449,0,0.18480091
2013,490,8450,0,0.071896344
2013,490,8451,0,0.109424934
2013,490,8452,0,0.044223867
2013,490,8453,0,0.2676934
2013,490,8454,0,0.22237638
2013,490,8455,0,0.11077711
2013,490,8456,0,0.22604793
2013,490,8457,0,0.09117833
2013,490,8458,0,0.074479036
2013,490,8459,0,0.09167069
2013,490,8460,0,0.08164783
2013,490,8461,0,0.041651778
2013,490,8462,0,0.11650267
2013,490,8463,1,0.14179648
2013,490,8464,0,0.21406993
2013,490,8465,0,0.092586435
2013,490,8466,0,0.075709425
2013,490,8467,0,0.054079913
2013,490,8468,0,0.063367605
2013,490,8470,0,0.07262071
2013,490,8471,0,0.030774027
2013,490,8472,0,0.08234272
2013,490,8473,0,0.14196354
2013,490,8474,0,0.086354
2013,490,8475,1,0.23297311
2013,490,8476,0,0.09020157
2013,490,8477,0,0.065296784
2013,490,8478,1,0.7101813
2013,490,8479,0,0.08555881
2013,490,8480,0,0.090570845
2013,490,8481,0,0.03397961
2013,490,8482,0,0.024318561
2013,490,8483,0,0.04090509
2013,490,8484,0,0.027355699
2013,490,8485,0,0.06236588
2013,702,8401,1,0.35229746
2013,702,8402,0,0.64779484
2013,702,8403,0,0.55480146
2013,702,8404,1,0.67751616
2013,702,8406,0,0.22973976
2013,702,8407,0,0.15128145
2013,702,8408,1,0.23456067
2013,702,8409,0,0.04310539
2013,702,8411,0,0.046871696
2013,702,8412,0,0.036685698
2013,702,8413,0,0.030423766
2013,702,8414,0,0.026346305
2013,702,8416,1,0.49861848
2013,702,8417,0,0.1333306
2013,702,8418,0,0.107964486
2013,702,8419,0,0.03426024
2013,702,8420,0,0.14341658
2013,702,8421,0,0.03655022
2013,702,8422,0,0.066282965
2013,702,8423,0,0.052231587
2013,702,8424,0,0.07626219
2013,702,8425,0,0.09219151
2013,702,8426,0,0.11958123
2013,702,8428,0,0.07925304
2013,702,8429,0,0.21405613
2013,702,8430,0,0.17280352
2013,702,8431,0,0.040185355
2013,702,8432,0,0.17769901
2013,702,8434,0,0.3267372
2013,702,8436,0,0.09234275
2013,702,8437,0,0.3159023
2013,702,8438,0,0.17032179
2013,702,8439,0,0.23184976
2013,702,8440,0,0.18469849
2013,702,8441,1,0.38030475
2013,702,8442,0,0.14152493
2013,702,8443,1,0.10142025
2013,702,8444,1,0.50203943
2013,702,8445,0,0.39519185
2013,702,8448,0,0.55672234
2013,702,8449,0,0.46087348
2013,702,8451,0,0.35274228
2013,702,8452,0,0.3661532
2013,702,8453,0,0.40671015
2013,702,8454,0,0.15912129
2013,702,8455,0,0.14195502
2013,702,8456,0,0.480439
2013,702,8457,0,0.20587802
2013,702,8458,0,0.16464275
2013,702,8459,0,0.6644639
2013,702,8460,0,0.138485
2013,702,8461,0,0.12832068
2013,702,8462,0,0.13204578
2013,702,8463,0,0.15511127
2013,702,8464,0,0.22142771
2013,702,8465,1,0.15385364
2013,702,8466,0,0.1124372
2013,702,8467,0,0.20583384
2013,702,8468,1,0.38703942
2013,702,8470,0,0.06464587
2013,702,8471,0,0.01883811
2013,702,8472,1,0.16067739
2013,702,8473,0,0.14446868
2013,702,8474,0,0.075484715
2013,702,8475,1,0.51359844
2013,702,8476,1,0.2553844
2013,702,8477,0,0.092046104
2013,702,8478,1,0.36499295
2013,702,8479,0,0.10352864
2013,702,8480,0,0.073966525
2013,702,8481,0,0.028103165
2013,702,8482,0,0.035633985
2013,702,8483,0,0.0710091
2013,702,8484,0,0.07463906
2013,702,8485,0,0.040581394
2013,528,8401,1,0.21537073
2013,528,8402,0,0.12690637
2013,528,8403,0,0.06649273
2013,528,8404,0,0.08310277
2013,528,8405,1,0.17877455
2013,528,8406,0,0.103561334
2013,528,8407,1,0.07527165
2013,528,8408,0,0.05574409
2013,528,8409,0,0.02654687
2013,528,8410,0,0.16821332
2013,528,8411,0,0.032195967
2013,528,8412,0,0.031072818
2013,528,8413,0,0.023219436
2013,528,8414,0,0.035127405
2013,528,8415,0,0.03681822
2013,528,8416,0,0.07579852
2013,528,8417,0,0.07184918
2013,528,8418,0,0.034456752
2013,528,8419,0,0.030073376
2013,528,8420,0,0.2601013
2013,528,8421,0,0.016130904
2013,528,8422,0,0.028648205
2013,528,8423,0,0.06765984
2013,528,8424,0,0.02742191
2013,528,8425,0,0.03237731
2013,528,8426,0,0.037661914
2013,528,8427,0,0.054419395
2013,528,8428,0,0.043259557
2013,528,8429,0,0.08676491
2013,528,8430,0,0.044085216
2013,528,8431,0,0.027830802
2013,528,8432,0,0.03569372
2013,528,8433,0,0.03498101
2013,528,8434,0,0.1030198
2013,528,8435,1,0.6931668
2013,528,8436,0,0.03464137
2013,528,8437,0,0.1195738
2013,528,8438,0,0.027480323
2013,528,8439,0,0.1710197
2013,528,8440,0,0.09418242
2013,528,8441,0,0.03924768
2013,528,8442,0,0.24204305
2013,528,8443,0,0.06673899
2013,528,8444,1,0.72351
2013,528,8445,0,0.49023643
2013,528,8446,1,0.41852865
2013,528,8448,0,0.1066476
2013,528,8449,1,0.5947388
2013,528,8450,0,0.16877659
2013,528,8451,0,0.06993209
2013,528,8452,0,0.16223304
2013,528,8453,1,0.13743965
2013,528,8454,0,0.29677564
2013,528,8455,0,0.1067862
2013,528,8456,0,0.2505536
2013,528,8457,0,0.1975904
2013,528,8458,0,0.3533906
2013,528,8459,0,0.06152111
2013,528,8460,0,0.06962797
2013,528,8461,1,0.06857487
2013,528,8462,0,0.046608843
2013,528,8463,0,0.1348904
2013,528,8464,0,0.12078675
2013,528,8465,0,0.08868956
2013,528,8466,0,0.07879764
2013,528,8467,0,0.048761778
2013,528,8468,0,0.107466675
2013,528,8470,0,0.11976552
2013,528,8471,0,0.058244172
2013,528,8472,0,0.17549832
2013,528,8473,0,0.10845934
2013,528,8474,0,0.03387805
2013,528,8475,0,0.34695068
2013,528,8476,0,0.11630424
2013,528,8477,0,0.042673815
2013,528,8478,0,0.1465783
2013,528,8479,0,0.06546637
2013,528,8480,0,0.1287117
2013,528,8481,0,0.019675987
2013,528,8482,0,0.047721148
2013,528,8483,0,0.02569469
2013,528,8484,0,0.15618108
2013,528,8485,0,0.033869233
2013,410,8401,0,0.32656994
2013,410,8402,0,0.18597098
2013,410,8403,0,0.23954393
2013,410,8404,1,0.31948507
2013,410,8405,0,0.2331734
2013,410,8406,1,0.33139247
2013,410,8407,0,0.18309696
2013,410,8408,0,0.094446294
2013,410,8409,0,0.03534616
2013,410,8410,1,0.35384312
2013,410,8411,0,0.10328324
2013,410,8412,0,0.07720656
2013,410,8413,0,0.030207979
2013,410,8414,0,0.038330868
2013,410,8415,0,0.093458846
2013,410,8416,0,0.34840035
2013,410,8417,1,0.3325638
2013,410,8418,0,0.121781416
2013,410,8419,0,0.08922872
2013,410,8420,1,0.2521612
2013,410,8421,0,0.024007114
2013,410,8422,0,0.19995469
2013,410,8423,1,0.059178647
2013,410,8424,0,0.13163504
2013,410,8425,0,0.0858747
2013,410,8426,1,0.16466433
2013,410,8427,0,0.06339673
2013,410,8428,0,0.070595
2013,410,8429,0,0.045720182
2013,410,8431,0,0.027735142
2013,410,8432,1,0.19820307
2013,410,8433,1,0.12640841
2013,410,8434,0,0.17034055
2013,410,8435,1,0.17333865
2013,410,8436,0,0.09435918
2013,410,8437,0,0.18134975
2013,410,8438,1,0.11509492
2013,410,8439,0,0.104946606
2013,410,8440,1,0.09253787
2013,410,8441,0,0.093356766
2013,410,8442,0,0.19259113
2013,410,8443,0,0.09475964
2013,410,8444,1,0.4643587
2013,410,8445,0,0.25767282
2013,410,8446,0,0.29077396
2013,410,8447,0,0.11997953
2013,410,8448,0,0.083105735
2013,410,8449,1,0.31355762
2013,410,8450,0,0.14579657
2013,410,8451,0,0.058646943
2013,410,8452,0,0.13146731
2013,410,8453,0,0.24347995
2013,410,8454,0,0.13889363
2013,410,8455,1,0.14686143
2013,410,8456,0,0.33326995
2013,410,8457,0,0.14087862
2013,410,8458,0,0.1071603
2013,410,8459,0,0.061100516
2013,410,8460,0,0.14960118
2013,410,8461,0,0.13353051
2013,410,8462,0,0.14758085
2013,410,8463,0,0.09296482
2013,410,8464,0,0.2320167
2013,410,8465,0,0.14685951
2013,410,8466,0,0.07949618
2013,410,8467,0,0.06910644
2013,410,8468,1,0.21327583
2013,410,8469,1,0.7153088
2013,410,8470,1,0.35214588
2013,410,8471,0,0.03587376
2013,410,8472,0,0.112326995
2013,410,8473,0,0.22166404
2013,410,8474,0,0.05218515
2013,410,8475,0,0.39800063
2013,410,8476,0,0.11819213
2013,410,8477,0,0.096274294
2013,410,8478,0,0.3226602
2013,410,8479,0,0.067392156
2013,410,8480,0,0.06873575
2013,410,8481,0,0.03022613
2013,410,8482,0,0.035309587
2013,410,8483,0,0.03862458
2013,410,8484,0,0.047597263
2013,410,8485,0,0.041639563
2013,458,8402,0,0.34398922
2013,458,8404,0,0.146626
2013,458,8405,1,0.791097
2013,458,8406,0,0.29451388
2013,458,8407,0,0.17813146
2013,458,8409,1,0.1670264
2013,458,8410,1,0.4883693
2013,458,8411,1,0.21233912
2013,458,8412,0,0.12913227
2013,458,8413,0,0.054989837
2013,458,8414,0,0.065695144
2013,458,8415,0,0.03273486
2013,458,8416,0,0.12218977
2013,458,8417,1,0.19414988
2013,458,8418,0,0.041038267
2013,458,8420,0,0.1316262
2013,458,8421,0,0.027440375
2013,458,8422,0,0.09206247
2013,458,8423,1,0.09725607
2013,458,8424,0,0.068651505
2013,458,8425,0,0.43479162
2013,458,8426,0,0.26049218
2013,458,8428,0,0.0632642
2013,458,8431,0,0.061746217
2013,458,8433,0,0.5932376
2013,458,8435,0,0.6524871
2013,458,8436,0,0.13934432
2013,458,8438,0,0.07694057
2013,458,8439,0,0.1802138
2013,458,8441,0,0.1363665
2013,458,8442,1,0.10692293
2013,458,8443,0,0.12787844
2013,458,8444,1,0.53988254
2013,458,8445,0,0.39379734
2013,458,8446,1,0.56760585
2013,458,8448,0,0.3780619
2013,458,8449,1,0.71934456
2013,458,8451,0,0.086000964
2013,458,8452,0,0.16766952
2013,458,8453,0,0.1920277
2013,458,8454,1,0.54459584
2013,458,8456,1,0.46331796
2013,458,8457,0,0.47956726
2013,458,8459,0,0.21243587
2013,458,8461,0,0.159054
2013,458,8462,0,0.097689
2013,458,8463,1,0.63668066
2013,458,8464,1,0.5578315
2013,458,8465,0,0.1685468
2013,458,8466,0,0.13530762
2013,458,8467,0,0.057663675
2013,458,8468,1,0.4011456
2013,458,8469,0,0.30432606
2013,458,8470,0,0.06530158
2013,458,8471,0,0.023252763
2013,458,8472,0,0.23256032
2013,458,8473,0,0.15341967
2013,458,8474,0,0.077100515
2013,458,8475,0,0.34909746
2013,458,8477,0,0.07349414
2013,458,8478,0,0.43910006
2013,458,8479,0,0.06023156
2013,458,8480,0,0.17613514
2013,458,8481,0,0.036555298
2013,458,8482,0,0.037584137
2013,458,8483,1,0.070867345
2013,458,8484,0,0.06438238
2013,458,8485,1,0.23069853
2013,124,8401,0,0.14835289
2013,124,8402,1,0.3576746
2013,124,8403,0,0.22332272
2013,124,8404,0,0.22226773
2013,124,8405,0,0.42571852
2013,124,8406,1,0.15566204
2013,124,8407,0,0.128786
2013,124,8408,0,0.20049669
2013,124,8409,0,0.0618492
2013,124,8410,0,0.19421585
2013,124,8411,0,0.04776472
2013,124,8412,0,0.07314093
2013,124,8413,0,0.042498875
2013,124,8414,0,0.040617242
2013,124,8415,0,0.07551199
2013,124,8416,0,0.14985418
2013,124,8417,0,0.16710207
2013,124,8418,0,0.071107194
2013,124,8419,0,0.051837567
2013,124,8420,1,0.16378742
2013,124,8421,0,0.03193621
2013,124,8422,0,0.06493231
2013,124,8423,0,0.096783176
2013,124,8424,0,0.062463716
2013,124,8425,0,0.06424028
2013,124,8426,0,0.2060565
2013,124,8427,0,0.29537225
2013,124,8428,0,0.065768175
2013,124,8430,1,0.051940583
2013,124,8431,0,0.05095808
2013,124,8432,0,0.10064848
2013,124,8433,0,0.08322654
2013,124,8434,0,0.17864528
2013,124,8435,0,0.46660927
2013,124,8436,0,0.12784812
2013,124,8437,0,0.14931123
2013,124,8438,0,0.10173723
2013,124,8439,0,0.21068558
2013,124,8440,0,0.31964484
2013,124,8441,0,0.14741077
2013,124,8442,0,0.21432063
2013,124,8443,0,0.12590528
2013,124,8445,0,0.16265817
2013,124,8446,0,0.24868752
2013,124,8447,0,0.21556826
2013,124,8448,1,0.54954624
2013,124,8450,0,0.1087067
2013,124,8451,1,0.079840705
2013,124,8452,0,0.252802
2013,124,8453,0,0.14762202
2013,124,8454,0,0.18541005
2013,124,8455,0,0.17612424
2013,124,8456,0,0.20022811
2013,124,8457,0,0.15046637
2013,124,8458,1,0.33143204
2013,124,8459,0,0.09697859
2013,124,8460,0,0.19496363
2013,124,8461,0,0.19184779
2013,124,8462,0,0.14559625
2013,124,8463,1,0.1915671
2013,124,8464,0,0.46591377
2013,124,8465,0,0.17124183
2013,124,8466,0,0.10170141
2013,124,8467,0,0.04553077
2013,124,8468,0,0.15255177
2013,124,8470,0,0.12841278
2013,124,8471,0,0.033646166
2013,124,8472,1,0.16873588
2013,124,8473,0,0.25361785
2013,124,8474,0,0.10668837
2013,124,8475,1,0.17229639
2013,124,8476,1,0.2165686
2013,124,8477,0,0.057085566
2013,124,8478,1,0.6915841
2013,124,8479,0,0.07137873
2013,124,8480,0,0.14025404
2013,124,8481,0,0.034666043
2013,124,8482,0,0.05912827
2013,124,8483,0,0.05306263
2013,124,8484,1,0.20956787
2013,124,8485,0,0.10068749
2013,484,8402,1,0.41136402
2013,484,8403,1,0.47174758
2013,484,8404,0,0.4355938
2013,484,8405,1,0.31017935
2013,484,8406,1,0.3299467
2013,484,8407,0,0.22752203
2013,484,8408,0,0.2824884
2013,484,8409,0,0.08241023
2013,484,8410,1,0.28563157
2013,484,8411,0,0.107737534
2013,484,8412,0,0.17659315
2013,484,8413,0,0.064849
2013,484,8414,0,0.08199387
2013,484,8415,0,0.12991539
2013,484,8416,0,0.15169333
2013,484,8417,0,0.24063231
2013,484,8418,0,0.053662892
2013,484,8419,0,0.086318925
2013,484,8420,1,0.556337
2013,484,8421,0,0.061496835
2013,484,8422,1,0.119308874
2013,484,8423,0,0.19179316
2013,484,8424,0,0.07946126
2013,484,8425,0,0.09298479
2013,484,8426,1,0.16678405
2013,484,8427,0,0.61993927
2013,484,8428,0,0.22539431
2013,484,8429,1,0.42795032
2013,484,8430,0,0.18523148
2013,484,8431,0,0.10494259
2013,484,8432,1,0.21750285
2013,484,8433,0,0.13698718
2013,484,8434,1,0.75128204
2013,484,8436,0,0.42097554
2013,484,8437,1,0.7354182
2013,484,8438,1,0.5578879
2013,484,8439,0,0.31256104
2013,484,8441,1,0.19150119
2013,484,8442,1,0.1605009
2013,484,8443,0,0.13775498
2013,484,8445,1,0.230191
2013,484,8446,1,0.4289752
2013,484,8448,1,0.3375391
2013,484,8449,1,0.55500525
2013,484,8450,0,0.30901197
2013,484,8451,0,0.13963898
2013,484,8454,1,0.27192202
2013,484,8455,1,0.22816576
2013,484,8456,0,0.43242562
2013,484,8457,1,0.18918131
2013,484,8458,0,0.21067284
2013,484,8459,1,0.5857709
2013,484,8460,1,0.13430928
2013,484,8461,0,0.4341818
2013,484,8462,0,0.15256102
2013,484,8463,1,0.30901027
2013,484,8464,0,0.15796046
2013,484,8465,1,0.17461956
2013,484,8466,0,0.12149821
2013,484,8467,1,0.17088363
2013,484,8468,0,0.16972156
2013,484,8470,1,0.30438712
2013,484,8471,0,0.0767703
2013,484,8472,0,0.16517463
2013,484,8473,1,0.2667168
2013,484,8474,1,0.26350895
2013,484,8475,1,0.16700937
2013,484,8476,1,0.16293146
2013,484,8477,0,0.13494629
2013,484,8479,0,0.13062796
2013,484,8480,0,0.24475233
2013,484,8481,0,0.054840285
2013,484,8482,0,0.06694062
2013,484,8483,0,0.06080159
2013,484,8484,0,0.09972357
2013,484,8485,0,0.13498683
2013,757,8402,0,0.51467794
2013,757,8403,0,0.113362364
2013,757,8404,1,0.6569339
2013,757,8405,1,0.2733993
2013,757,8406,0,0.15163702
2013,757,8407,0,0.1598062
2013,757,8408,0,0.16253823
2013,757,8409,0,0.03854282
2013,757,8410,0,0.101550415
2013,757,8411,0,0.053204764
2013,757,8412,0,0.051970802
2013,757,8413,0,0.03181424
2013,757,8414,0,0.02671234
2013,757,8415,0,0.06497354
2013,757,8416,0,0.116514966
2013,757,8417,1,0.3734741
2013,757,8418,0,0.06715956
2013,757,8419,0,0.038235065
2013,757,8420,0,0.20073561
2013,757,8421,0,0.03089919
2013,757,8422,0,0.032259572
2013,757,8423,0,0.044237524
2013,757,8424,0,0.043314733
2013,757,8425,0,0.05792852
2013,757,8427,0,0.1438456
2013,757,8428,0,0.041936222
2013,757,8429,0,0.081200734
2013,757,8430,0,0.1376535
2013,757,8431,0,0.041950595
2013,757,8432,0,0.09043334
2013,757,8433,0,0.11367197
2013,757,8434,0,0.1740596
2013,757,8435,0,0.31253397
2013,757,8436,0,0.13797565
2013,757,8438,0,0.03469012
2013,757,8439,1,0.62568986
2013,757,8440,1,0.07613414
2013,757,8441,0,0.08172231
2013,757,8442,0,0.122053325
2013,757,8443,0,0.117220916
2013,757,8444,1,0.45003396
2013,757,8445,0,0.4053095
2013,757,8446,0,0.2960449
2013,757,8447,0,0.37641418
2013,757,8448,0,0.07967623
2013,757,8449,1,0.25852486
2013,757,8450,0,0.10779631
2013,757,8451,0,0.1237992
2013,757,8452,0,0.1498381
2013,757,8453,0,0.115649335
2013,757,8454,0,0.108572766
2013,757,8455,1,0.5840762
2013,757,8456,0,0.12120691
2013,757,8457,0,0.12758268
2013,757,8458,0,0.08844549
2013,757,8459,0,0.10941057
2013,757,8460,0,0.098716386
2013,757,8461,0,0.09402621
2013,757,8462,0,0.09412877
2013,757,8463,0,0.13452794
2013,757,8464,0,0.09111588
2013,757,8465,1,0.13461773
2013,757,8466,0,0.07360555
2013,757,8467,0,0.044504434
2013,757,8468,0,0.06508163
2013,757,8470,0,0.08627915
2013,757,8471,0,0.037788536
2013,757,8472,0,0.104730844
2013,757,8473,0,0.13519156
2013,757,8474,0,0.04909387
2013,757,8475,0,0.25870514
2013,757,8476,1,0.26606792
2013,757,8477,0,0.04043645
2013,757,8478,0,0.29277253
2013,757,8479,0,0.055514313
2013,757,8480,0,0.103385374
2013,757,8481,0,0.042376027
2013,757,8482,0,0.047686357
2013,757,8483,0,0.042284466
2013,757,8484,0,0.040722337
2013,757,8485,0,0.08622343
2013,764,8402,0,0.30780908
2013,764,8403,0,0.17000873
2013,764,8404,0,0.24353348
2013,764,8405,0,0.24654028
2013,764,8406,1,0.62393695
2013,764,8407,0,0.14844643
2013,764,8408,0,0.19356345
2013,764,8409,0,0.08899896
2013,764,8411,0,0.07223389
2013,764,8412,0,0.21691254
2013,764,8413,0,0.032244362
2013,764,8414,0,0.023801424
2013,764,8415,0,0.023777816
2013,764,8416,0,0.38882256
2013,764,8417,1,0.15282083
2013,764,8418,0,0.02771359
2013,764,8419,0,0.028569099
2013,764,8420,0,0.207701
2013,764,8421,0,0.024627544
2013,764,8422,0,0.039130412
2013,764,8424,0,0.04884342
2013,764,8425,0,0.1011091
2013,764,8428,0,0.100969635
2013,764,8431,0,0.05947303
2013,764,8434,1,0.6039999
2013,764,8436,0,0.16957636
2013,764,8439,0,0.15468192
2013,764,8441,0,0.25408733
2013,764,8442,0,0.33430806
2013,764,8443,0,0.1183741
2013,764,8447,0,0.13428986
2013,764,8448,0,0.22096144
2013,764,8450,0,0.052035015
2013,764,8451,0,0.049395204
2013,764,8452,0,0.09204904
2013,764,8453,1,0.23606674
2013,764,8454,0,0.61283404
2013,764,8455,0,0.31225225
2013,764,8456,0,0.24895293
2013,764,8457,1,0.19391963
2013,764,8458,0,0.25287497
2013,764,8460,0,0.17137773
2013,764,8461,1,0.1775029
2013,764,8462,0,0.1954781
2013,764,8466,0,0.09735404
2013,764,8467,0,0.13477853
2013,764,8468,0,0.12741336
2013,764,8471,0,0.035086095
2013,764,8472,0,0.26287147
2013,764,8473,1,0.17560047
2013,764,8475,0,0.13340391
2013,764,8476,0,0.22316499
2013,764,8477,0,0.0951954
2013,764,8479,0,0.05193202
2013,764,8480,0,0.06961671
2013,764,8481,0,0.026819324
2013,764,8482,0,0.034662172
2013,764,8483,0,0.03867089
2013,764,8484,0,0.047261164
2013,764,8485,0,0.067978084
2013,752,8401,1,0.4608667
2013,752,8402,1,0.15415315
2013,752,8403,0,0.10599186
2013,752,8404,0,0.08768346
2013,752,8405,0,0.27451313
2013,752,8406,1,0.30320165
2013,752,8407,0,0.16257522
2013,752,8408,0,0.13548625
2013,752,8409,0,0.0380878
2013,752,8410,1,0.55878156
2013,752,8412,0,0.034105342
2013,752,8413,0,0.02482835
2013,752,8414,0,0.025771655
2013,752,8415,0,0.044105396
2013,752,8416,0,0.08124772
2013,752,8417,0,0.1224231
2013,752,8418,0,0.049755342
2013,752,8419,0,0.028627597
2013,752,8420,0,0.29372847
2013,752,8421,0,0.020093268
2013,752,8422,0,0.02499297
2013,752,8423,0,0.0922414
2013,752,8424,0,0.03021743
2013,752,8425,0,0.06786545
2013,752,8426,1,0.1062047
2013,752,8427,0,0.049739357
2013,752,8428,0,0.039918248
2013,752,8429,0,0.083958976
2013,752,8430,1,0.042873032
2013,752,8431,0,0.021898853
2013,752,8432,0,0.0955765
2013,752,8433,1,0.047247212
2013,752,8434,0,0.06545691
2013,752,8435,1,0.26861137
2013,752,8436,0,0.08628042
2013,752,8437,1,0.37474734
2013,752,8438,0,0.04106835
2013,752,8439,0,0.2804059
2013,752,8440,0,0.29008883
2013,752,8441,0,0.09205729
2013,752,8442,0,0.25472108
2013,752,8443,0,0.14620766
2013,752,8445,1,0.29996586
2013,752,8446,0,0.23627698
2013,752,8447,1,0.41906124
2013,752,8448,0,0.216395
2013,752,8449,1,0.48732805
2013,752,8450,0,0.07820651
2013,752,8451,0,0.08148028
2013,752,8452,0,0.080393784
2013,752,8454,0,0.23873697
2013,752,8455,0,0.116197735
2013,752,8456,0,0.21635354
2013,752,8457,0,0.18730913
2013,752,8458,0,0.10220302
2013,752,8459,0,0.19001634
2013,752,8460,0,0.09099099
2013,752,8461,1,0.19000162
2013,752,8462,0,0.12458445
2013,752,8463,1,0.36483198
2013,752,8464,0,0.13454823
2013,752,8465,1,0.14132287
2013,752,8466,0,0.08307771
2013,752,8467,0,0.05085118
2013,752,8468,0,0.15953426
2013,752,8469,0,0.43148416
2013,752,8470,0,0.10830446
2013,752,8471,0,0.08140333
2013,752,8472,0,0.046999954
2013,752,8473,0,0.13359676
2013,752,8474,1,0.028916288
2013,752,8475,0,0.087576315
2013,752,8476,0,0.18741441
2013,752,8477,0,0.08476056
2013,752,8478,0,0.2899412
2013,752,8479,0,0.057997417
2013,752,8480,0,0.15879332
2013,752,8481,0,0.025362965
2013,752,8482,0,0.029219206
2013,752,8483,0,0.030684693
2013,752,8484,0,0.02980662
2013,752,8485,0,0.034654856
2013,372,8403,0,0.24621297
2013,372,8406,0,0.389796
2013,372,8407,1,0.26965168
2013,372,8409,1,0.14917015
2013,372,8411,1,0.0805804
2013,372,8412,0,0.1870973
2013,372,8413,0,0.03645265
2013,372,8414,0,0.047197137
2013,372,8415,0,0.16440739
2013,372,8416,1,0.36106673
2013,372,8417,1,0.2355727
2013,372,8418,0,0.071997255
2013,372,8419,0,0.08529168
2013,372,8421,0,0.04010632
2013,372,8422,0,0.10161602
2013,372,8423,0,0.16706099
2013,372,8424,0,0.11874731
2013,372,8425,0,0.1731068
2013,372,8426,0,0.17904525
2013,372,8427,0,0.112586856
2013,372,8428,0,0.12175718
2013,372,8429,0,0.102051646
2013,372,8430,0,0.09994738
2013,372,8432,0,0.16729562
2013,372,8433,0,0.118058115
2013,372,8434,0,0.29689884
2013,372,8436,0,0.1711479
2013,372,8437,0,0.50459117
2013,372,8438,0,0.14932477
2013,372,8439,0,0.1776156
2013,372,8440,1,0.5870852
2013,372,8441,1,0.1272764
2013,372,8443,1,0.14588264
2013,372,8448,1,0.19230343
2013,372,8450,0,0.6807549
2013,372,8451,0,0.28032273
2013,372,8456,0,0.18358444
2013,372,8458,1,0.615512
2013,372,8459,1,0.45545813
2013,372,8460,0,0.24183851
2013,372,8462,1,0.54210365
2013,372,8463,0,0.54452515
2013,372,8465,1,0.47821182
2013,372,8466,0,0.09965504
2013,372,8467,0,0.36535922
2013,372,8468,0,0.18850264
2013,372,8470,1,0.46294245
2013,372,8471,0,0.039089207
2013,372,8473,0,0.14163262
2013,372,8475,0,0.7924413
2013,372,8476,1,0.25335646
2013,372,8477,0,0.22226596
2013,372,8479,0,0.11214985
2013,372,8480,0,0.16166766
2013,372,8481,0,0.04684379
2013,372,8485,0,0.097017266
2013,40,8401,0,0.29429108
2013,40,8402,0,0.104688756
2013,40,8403,0,0.1855045
2013,40,8404,0,0.4999454
2013,40,8405,1,0.25937364
2013,40,8406,1,0.14256725
2013,40,8407,0,0.099742
2013,40,8408,0,0.26202056
2013,40,8409,0,0.09365558
2013,40,8410,0,0.17749634
2013,40,8411,0,0.11239255
2013,40,8412,0,0.04518422
2013,40,8413,0,0.029793378
2013,40,8414,0,0.038301803
2013,40,8415,0,0.061150137
2013,40,8416,0,0.0821587
2013,40,8417,1,0.2844654
2013,40,8418,0,0.04479961
2013,40,8419,0,0.04927526
2013,40,8420,0,0.19442202
2013,40,8421,0,0.025958441
2013,40,8422,0,0.04756648
2013,40,8423,0,0.051830865
2013,40,8424,0,0.040196676
2013,40,8425,0,0.05177506
2013,40,8426,0,0.05018908
2013,40,8427,0,0.16924025
2013,40,8428,0,0.08765694
2013,40,8429,0,0.09861194
2013,40,8430,1,0.08778334
2013,40,8431,0,0.046315253
2013,40,8432,0,0.11169156
2013,40,8433,0,0.062415358
2013,40,8434,1,0.5546647
2013,40,8435,0,0.15183143
2013,40,8436,0,0.10541987
2013,40,8437,0,0.10517869
2013,40,8438,0,0.0743956
2013,40,8439,0,0.36650413
2013,40,8440,0,0.15431328
2013,40,8441,0,0.08247718
2013,40,8442,0,0.08305194
2013,40,8443,0,0.1446802
2013,40,8444,0,0.29529092
2013,40,8445,0,0.31960803
2013,40,8446,1,0.2546585
2013,40,8447,0,0.28662747
2013,40,8448,0,0.08791849
2013,40,8449,0,0.34633684
2013,40,8450,0,0.16171862
2013,40,8451,0,0.080356255
2013,40,8452,0,0.08741126
2013,40,8454,0,0.091407105
2013,40,8455,0,0.092261955
2013,40,8456,0,0.16683897
2013,40,8457,1,0.19716483
2013,40,8458,0,0.08635709
2013,40,8459,1,0.10457282
2013,40,8460,1,0.40890542
2013,40,8461,0,0.123260505
2013,40,8462,0,0.06925035
2013,40,8463,1,0.3184636
2013,40,8464,0,0.20849697
2013,40,8465,0,0.0647115
2013,40,8466,0,0.07492011
2013,40,8467,0,0.045980595
2013,40,8468,0,0.11695337
2013,40,8470,0,0.10370492
2013,40,8471,0,0.06751573
2013,40,8472,0,0.19775629
2013,40,8473,0,0.13601471
2013,40,8474,0,0.043921724
2013,40,8475,0,0.10492034
2013,40,8476,0,0.17291528
2013,40,8477,0,0.046328925
2013,40,8478,0,0.28876176
2013,40,8479,0,0.044623602
2013,40,8480,0,0.09338347
2013,40,8481,0,0.02593313
2013,40,8482,0,0.06736672
2013,40,8483,0,0.039268013
2013,40,8484,0,0.04310949
2013,40,8485,0,0.14175065
2013,724,8401,1,0.2343515
2013,724,8402,0,0.13462956
2013,724,8403,0,0.14933342
2013,724,8404,0,0.23652776
2013,724,8406,0,0.3706621
2013,724,8407,0,0.11634928
2013,724,8408,0,0.09258307
2013,724,8409,0,0.032961477
2013,724,8410,0,0.17286012
2013,724,8411,0,0.039539784
2013,724,8412,0,0.05980948
2013,724,8413,0,0.023927193
2013,724,8414,0,0.022047369
2013,724,8415,0,0.051683795
2013,724,8416,0,0.102102086
2013,724,8417,0,0.1654602
2013,724,8418,0,0.03335357
2013,724,8419,0,0.06439834
2013,724,8420,0,0.18026735
2013,724,8421,0,0.017466167
2013,724,8422,0,0.075812265
2013,724,8423,0,0.04147577
2013,724,8424,0,0.0358003
2013,724,8425,0,0.029560834
2013,724,8426,0,0.043391038
2013,724,8427,0,0.058150474
2013,724,8428,0,0.032604404
2013,724,8430,0,0.15393691
2013,724,8431,0,0.036446296
2013,724,8432,0,0.04971542
2013,724,8433,0,0.048834216
2013,724,8434,0,0.2229
2013,724,8435,0,0.11415018
2013,724,8436,0,0.072248496
2013,724,8437,0,0.46981937
2013,724,8438,0,0.11822511
2013,724,8439,1,0.19935359
2013,724,8440,1,0.35783094
2013,724,8441,1,0.036742385
2013,724,8442,0,0.107641056
2013,724,8443,0,0.094690025
2013,724,8444,1,0.6563407
2013,724,8445,0,0.32037783
2013,724,8446,0,0.18887736
2013,724,8447,0,0.23754169
2013,724,8448,0,0.17114788
2013,724,8449,0,0.6948427
2013,724,8450,0,0.06697266
2013,724,8451,0,0.09095416
2013,724,8452,0,0.1187202
2013,724,8453,0,0.09820572
2013,724,8454,0,0.16090909
2013,724,8455,0,0.27043226
2013,724,8456,0,0.09996762
2013,724,8457,0,0.21883951
2013,724,8458,0,0.10628172
2013,724,8459,0,0.077486
2013,724,8460,0,0.093440875
2013,724,8461,0,0.07499654
2013,724,8462,0,0.14362018
2013,724,8463,0,0.10872747
2013,724,8464,1,0.16427293
2013,724,8465,0,0.14560392
2013,724,8466,0,0.038847677
2013,724,8467,0,0.1906821
2013,724,8468,0,0.15862758
2013,724,8470,0,0.16931883
2013,724,8471,0,0.07417525
2013,724,8472,0,0.13033618
2013,724,8473,0,0.15003811
2013,724,8474,0,0.034025613
2013,724,8475,0,0.32548562
2013,724,8476,0,0.10175721
2013,724,8477,0,0.043395266
2013,724,8479,0,0.029750958
2013,724,8480,0,0.10836572
2013,724,8481,0,0.026477542
2013,724,8482,0,0.05057424
2013,724,8483,0,0.03905885
2013,724,8484,0,0.044284534
2013,724,8485,0,0.06288232
