model,seed,ap,auc,brier,logloss
no_graph,42,0.4419295645708318,0.8106517192020862,0.09563190134781278,0.3236052542685504
no_graph,2024,0.44310182254690317,0.8096833735719798,0.09599085603215167,0.32504079116488804
no_graph,2026,0.4404532350769302,0.8110254342762099,0.09567265901045541,0.3234190837028361
ordinary_graph,42,0.43291240427586947,0.8066324869646118,0.09733987212098254,0.33041620495491925
ordinary_graph,2024,0.4300122526691516,0.8014852704651587,0.09824256439913603,0.3334056654179383
ordinary_graph,2026,0.42771579477643945,0.8035449328590546,0.09782073485645948,0.3317819135772149
reliable_graph,42,0.4338304796639339,0.8041396489978304,0.09664342610246617,0.3278631550417847
reliable_graph,2024,0.43058326287943727,0.8033363182228879,0.09753665350100886,0.3309920650016501
reliable_graph,2026,0.4319044667838888,0.8031260035618203,0.10057489572257287,0.3417709923558523
reliable_pair,42,0.436206952717215,0.8049995907689836,0.09633411977188312,0.32700000746207714
reliable_pair,2024,0.43098256905886845,0.8031460946883953,0.09780528843420394,0.3318633394018296
reliable_pair,2026,0.43302159062287954,0.8025824080565859,0.10063820476844494,0.34201098364428484
