model,ap,auc,brier
B2_XGBoost,0.42180669241680974,0.8010060604702699,0.09689124602155726
B3_XGBoost_relations,0.4217746054872447,0.8002903860927552,0.09748231430275646
D0_history_macro,0.4121373441283432,0.7884626994811766,0.0978237806838508
D1_concentration,0.42500578848891796,0.8044058554918107,0.09602847065414177
D2_market_changes,0.42914459322486764,0.8085929399670914,0.0957992940174084
D3_market_volatility,0.4333712684044532,0.8123174616634384,0.0952832731570528
D4_raw12,0.42180598373847306,0.808490279086659,0.09634369611740107
D4_res12,0.4213040083296242,0.8028338045480045,0.09715339789787926
D4_res8,0.41471602789996426,0.8024771857432708,0.0971977437535921
D5_relations_without_common,0.4366869963271603,0.8128874378433517,0.09512382580138116
