model,seed,year,ap,auc,brier,logloss,precision_at_10,recall_at_10,risk_rate,n
none_A,42,2016,0.39492591412313544,0.7713388915445828,0.1011824073270834,0.3398100532272785,0.46794871794871795,0.3443396226415094,0.1364221364221364,1554
none_A,42,2017,0.4114879611152381,0.8477298662604983,0.07172385112534235,0.251860407684149,0.44155844155844154,0.4503311258278146,0.09817945383615084,1538
none_A,42,2018,0.4748383360870147,0.8122638081395348,0.1140522101908325,0.3641035012356496,0.525974025974026,0.313953488372093,0.16775032509752927,1538
none_A,2024,2016,0.3942679798939747,0.7777746534319376,0.10055594983652409,0.3372390020913398,0.46153846153846156,0.33962264150943394,0.1364221364221364,1554
none_A,2024,2017,0.413456296909028,0.8407635709067645,0.07219189061101518,0.25456076335198996,0.44155844155844154,0.4503311258278146,0.09817945383615084,1538
none_A,2024,2018,0.4794861354539425,0.8145439680232559,0.11346727512559157,0.36248666813657754,0.525974025974026,0.313953488372093,0.16775032509752927,1538
none_A,2026,2016,0.3953983920490995,0.7726077664988894,0.10094879061445587,0.33920930048613507,0.4423076923076923,0.32547169811320753,0.1364221364221364,1554
none_A,2026,2017,0.4151520468269024,0.844841169420876,0.0716866071191263,0.253363035727159,0.45454545454545453,0.46357615894039733,0.09817945383615084,1538
none_A,2026,2018,0.48061327187472414,0.8118338178294573,0.1136044409777354,0.3634106488416861,0.538961038961039,0.32170542635658916,0.16775032509752927,1538
aggregate_A,42,2016,0.41126490687292344,0.7744776874841831,0.10061663362929796,0.33846399435040053,0.4807692307692308,0.35377358490566035,0.1364221364221364,1554
aggregate_A,42,2017,0.41677497409843556,0.8472141980643343,0.07175098998155897,0.2530511755908488,0.42857142857142855,0.4370860927152318,0.09817945383615084,1538
aggregate_A,42,2018,0.46330228097472986,0.8085846656976744,0.11463639083900584,0.3669311491087367,0.5584415584415584,0.3333333333333333,0.16775032509752927,1538
aggregate_A,2024,2016,0.4072006016424612,0.778762337260636,0.10000464557363264,0.3363692992345231,0.48717948717948717,0.3584905660377358,0.1364221364221364,1554
aggregate_A,2024,2017,0.4233090235631788,0.8473956368740957,0.07169879392732215,0.25245249092774497,0.4155844155844156,0.423841059602649,0.09817945383615084,1538
aggregate_A,2024,2018,0.4601568153488167,0.8091600048449612,0.11502458896982022,0.36710166413440154,0.538961038961039,0.32170542635658916,0.16775032509752927,1538
aggregate_A,2026,2016,0.40340386491152863,0.7762456766864436,0.10042319108678043,0.33798974567341356,0.4807692307692308,0.35377358490566035,0.1364221364221364,1554
aggregate_A,2026,2017,0.42990769280917074,0.8522324135658934,0.0708387414136905,0.2502380109716878,0.42857142857142855,0.4370860927152318,0.09817945383615084,1538
aggregate_A,2026,2018,0.46031023872658505,0.8088541666666667,0.1149103331460386,0.366930499405147,0.512987012987013,0.3062015503875969,0.16775032509752927,1538
none_reference,42,2016,0.4129404066016808,0.7868571267890785,0.09922126723738126,0.33361985375981174,0.46794871794871795,0.3443396226415094,0.1364221364221364,1554
none_reference,42,2017,0.41942509122153915,0.8437716353843876,0.07299516942564158,0.2587447069769083,0.42207792207792205,0.4304635761589404,0.09817945383615084,1538
none_reference,42,2018,0.47769549115826104,0.8080335513565892,0.11315504074112066,0.3641283891383441,0.538961038961039,0.32170542635658916,0.16775032509752927,1538
none_reference,2024,2016,0.41787923779948877,0.7896795827123696,0.09905863546793879,0.33203880556488236,0.4423076923076923,0.32547169811320753,0.1364221364221364,1554
none_reference,2024,2017,0.423540580476529,0.8442682047584715,0.07259048886690005,0.2578883116938597,0.44155844155844154,0.4503311258278146,0.09817945383615084,1538
none_reference,2024,2018,0.4804021112801322,0.8125484496124031,0.11290187487049662,0.36270289229246766,0.5454545454545454,0.32558139534883723,0.16775032509752927,1538
none_reference,2026,2016,0.42158859689848716,0.7904739476422123,0.09874239700913773,0.3320348221942628,0.47435897435897434,0.3490566037735849,0.1364221364221364,1554
none_reference,2026,2017,0.41769008242512323,0.8447838729546355,0.07283986021498338,0.2586106482780897,0.44805194805194803,0.45695364238410596,0.09817945383615084,1538
none_reference,2026,2018,0.48047618621296573,0.8083060804263565,0.11314531444009866,0.36410638126694245,0.538961038961039,0.32170542635658916,0.16775032509752927,1538
aggregate_reference,42,2016,0.4196051144472695,0.790526670978264,0.09886297561766516,0.33245710182346766,0.4807692307692308,0.35377358490566035,0.1364221364221364,1554
aggregate_reference,42,2017,0.431009693390338,0.8492673214379503,0.07160270782434897,0.25426301120917527,0.4090909090909091,0.41721854304635764,0.09817945383615084,1538
aggregate_reference,42,2018,0.46564890880686827,0.8086452277131784,0.11409193118814565,0.36600103039700227,0.5194805194805194,0.31007751937984496,0.16775032509752927,1538
aggregate_reference,2024,2016,0.4232022289308611,0.7911417765655315,0.09899715126151151,0.33274202922822277,0.4807692307692308,0.35377358490566035,0.1364221364221364,1554
aggregate_reference,2024,2017,0.42114746050863283,0.8454380076108806,0.0724647205994904,0.25783486261839633,0.4090909090909091,0.41721854304635764,0.09817945383615084,1538
aggregate_reference,2024,2018,0.4674606655991899,0.8084574854651163,0.11410628704686059,0.3663457448361225,0.551948051948052,0.32945736434108525,0.16775032509752927,1538
aggregate_reference,2026,2016,0.41752829392160795,0.7901962714056744,0.09919170311262072,0.33314994923226465,0.47435897435897434,0.3490566037735849,0.1364221364221364,1554
aggregate_reference,2026,2017,0.4260769203601065,0.8476152733280176,0.07181501215293615,0.2551093387049712,0.42207792207792205,0.4304635761589404,0.09817945383615084,1538
aggregate_reference,2026,2018,0.46148013285221945,0.8068192829457365,0.11425820345736014,0.3665862690680309,0.551948051948052,0.32945736434108525,0.16775032509752927,1538
none_B,42,2016,0.4019312074059827,0.7777887129882181,0.10046164691448212,0.3380108177661896,0.4807692307692308,0.35377358490566035,0.1364221364221364,1554
none_B,42,2017,0.40628099100086235,0.8476343721500976,0.07275557518005371,0.2563115060329437,0.44155844155844154,0.4503311258278146,0.09817945383615084,1538
none_B,42,2018,0.4780004814483698,0.8072280765503876,0.11356519162654877,0.363996684551239,0.5194805194805194,0.31007751937984496,0.16775032509752927,1538
none_B,2024,2016,0.4097470876675973,0.781025925821781,0.10014043003320694,0.33623525500297546,0.4551282051282051,0.33490566037735847,0.1364221364221364,1554
none_B,2024,2017,0.40376037195187764,0.8400139421401186,0.0735313892364502,0.2589455246925354,0.43506493506493504,0.44370860927152317,0.09817945383615084,1538
none_B,2024,2018,0.4744053418883881,0.8072432170542635,0.11366628855466843,0.3644132912158966,0.525974025974026,0.313953488372093,0.16775032509752927,1538
none_B,2026,2016,0.41126316317134903,0.7813457807271602,0.10008829087018967,0.3364575207233429,0.46153846153846156,0.33962264150943394,0.1364221364221364,1554
none_B,2026,2017,0.40455718523619305,0.8427021013478995,0.07306061685085297,0.25710397958755493,0.43506493506493504,0.44370860927152317,0.09817945383615084,1538
none_B,2026,2018,0.47259388678738484,0.8074460998062015,0.11393246799707413,0.3644368648529053,0.5194805194805194,0.31007751937984496,0.16775032509752927,1538
none_C,42,2016,0.4054906579694227,0.7843721002165172,0.09968803822994232,0.3353155255317688,0.46794871794871795,0.3443396226415094,0.1364221364221364,1554
none_C,42,2017,0.4196906944066978,0.8443971218075125,0.07306578010320663,0.2592375874519348,0.42857142857142855,0.4370860927152318,0.09817945383615084,1538
none_C,42,2018,0.4794396492202849,0.8092508478682171,0.11314063519239426,0.3634771704673767,0.5324675324675324,0.3178294573643411,0.16775032509752927,1538
none_C,2024,2016,0.41380746207276886,0.7878412957287068,0.09943646192550659,0.3338908553123474,0.46794871794871795,0.3443396226415094,0.1364221364221364,1554
none_C,2024,2017,0.4219273771111504,0.8453472882059999,0.0727522000670433,0.2590615749359131,0.44805194805194803,0.45695364238410596,0.09817945383615084,1538
none_C,2024,2018,0.4781523192925837,0.8122093023255813,0.11293992400169373,0.3630804717540741,0.5324675324675324,0.3178294573643411,0.16775032509752927,1538
none_C,2026,2016,0.4180938706575055,0.7895354722604954,0.09918607771396637,0.33354201912879944,0.46153846153846156,0.33962264150943394,0.1364221364221364,1554
none_C,2026,2017,0.4133398996919959,0.8437716353843876,0.0734155923128128,0.26054829359054565,0.42857142857142855,0.4370860927152318,0.09817945383615084,1538
none_C,2026,2018,0.47111537700326966,0.8101320251937983,0.11337361484766006,0.3639587163925171,0.525974025974026,0.313953488372093,0.16775032509752927,1538
aggregate_B,42,2016,0.4143227332688517,0.7790470432753143,0.10037913173437119,0.3376940190792084,0.46153846153846156,0.33962264150943394,0.1364221364221364,1554
aggregate_B,42,2017,0.42542576161060475,0.8479781509475404,0.07175887376070023,0.254025936126709,0.42857142857142855,0.4370860927152318,0.09817945383615084,1538
aggregate_B,42,2018,0.46106140821529457,0.8069797722868217,0.11443935334682465,0.36581844091415405,0.5454545454545454,0.32558139534883723,0.16775032509752927,1538
aggregate_B,2024,2016,0.4192244868069518,0.7835742203976043,0.10001160204410553,0.3364122211933136,0.46153846153846156,0.33962264150943394,0.1364221364221364,1554
aggregate_B,2024,2017,0.41565481218461353,0.8474624827513764,0.07237731665372849,0.2567007839679718,0.4155844155844156,0.423841059602649,0.09817945383615084,1538
aggregate_B,2024,2018,0.45959940730051535,0.8018229166666667,0.11531803756952286,0.37000471353530884,0.5194805194805194,0.31007751937984496,0.16775032509752927,1538
aggregate_B,2026,2016,0.41885067116106356,0.7840118240868319,0.09970840066671371,0.33546823263168335,0.4935897435897436,0.3632075471698113,0.1364221364221364,1554
aggregate_B,2026,2017,0.4200142249010233,0.8523804294370145,0.07210130244493484,0.25484830141067505,0.4090909090909091,0.41721854304635764,0.09817945383615084,1538
aggregate_B,2026,2018,0.4593412749025028,0.8055989583333333,0.11454498767852783,0.36698415875434875,0.5194805194805194,0.31007751937984496,0.16775032509752927,1538
aggregate_C,42,2016,0.42278532238281513,0.7876304023845008,0.09912319481372833,0.3340410888195038,0.4935897435897436,0.3632075471698113,0.1364221364221364,1554
aggregate_C,42,2017,0.42846796629446404,0.8488901197018675,0.07166080176830292,0.25483155250549316,0.44155844155844154,0.4503311258278146,0.09817945383615084,1538
aggregate_C,42,2018,0.46771799890969207,0.8069373788759691,0.11411567032337189,0.3664112687110901,0.5194805194805194,0.31007751937984496,0.16775032509752927,1538
aggregate_C,2024,2016,0.4197385081051662,0.7917779714872198,0.099123015999794,0.33343306183815,0.48717948717948717,0.3584905660377358,0.1364221364221364,1554
aggregate_C,2024,2017,0.41852547807355966,0.8499071319776353,0.07225313037633896,0.25635024905204773,0.4090909090909091,0.41721854304635764,0.09817945383615084,1538
aggregate_C,2024,2018,0.45890455371479033,0.8078730620155039,0.11436572670936584,0.36655551195144653,0.5324675324675324,0.3178294573643411,0.16775032509752927,1538
aggregate_C,2026,2016,0.4158531895221259,0.7884880353176055,0.0995093360543251,0.3345417082309723,0.4807692307692308,0.35377358490566035,0.1364221364221364,1554
aggregate_C,2026,2017,0.42216324258243954,0.8446692800221546,0.07241639494895935,0.25661006569862366,0.4155844155844156,0.423841059602649,0.09817945383615084,1538
aggregate_C,2026,2018,0.46664885882763446,0.8090116279069768,0.11381988227367401,0.3648528754711151,0.551948051948052,0.32945736434108525,0.16775032509752927,1538
